Cement (component 1)(kg in a m^3 mixture),Blast Furnace Slag (component 2)(kg in a m^3 mixture),Fly Ash (component 3)(kg in a m^3 mixture),Water  (component 4)(kg in a m^3 mixture),Superplasticizer (component 5)(kg in a m^3 mixture),Coarse Aggregate  (component 6)(kg in a m^3 mixture),Fine Aggregate (component 7)(kg in a m^3 mixture),Age (day),"Concrete compressive strength(MPa, megapascals) ",f'c at 28 day,NSC
540.0 ,0.0 ,0.0 ,162.0 ,2.5 ,1040.0 ,676.0 ,28 ,79.99 ,79.4147814,0
540.0 ,0.0 ,0.0 ,162.0 ,2.5 ,1055.0 ,676.0 ,28 ,61.89 ,61.44531315,0
332.5 ,142.5 ,0.0 ,228.0 ,0.0 ,932.0 ,594.0 ,270 ,40.27 ,34.82569068,1
332.5 ,142.5 ,0.0 ,228.0 ,0.0 ,932.0 ,594.0 ,365 ,41.05 ,35.34475647,1
198.6 ,132.4 ,0.0 ,192.0 ,0.0 ,978.4 ,825.5 ,360 ,44.30 ,38.14384244,1
266.0 ,114.0 ,0.0 ,228.0 ,0.0 ,932.0 ,670.0 ,90 ,47.03 ,42.06558576,0
380.0 ,95.0 ,0.0 ,228.0 ,0.0 ,932.0 ,594.0 ,365 ,43.70 ,37.62243997,1
380.0 ,95.0 ,0.0 ,228.0 ,0.0 ,932.0 ,594.0 ,28 ,36.45 ,36.18742858,1
266.0 ,114.0 ,0.0 ,228.0 ,0.0 ,932.0 ,670.0 ,28 ,45.85 ,45.52676021,0
475.0 ,0.0 ,0.0 ,228.0 ,0.0 ,932.0 ,594.0 ,28 ,39.29 ,39.0091485,1
198.6 ,132.4 ,0.0 ,192.0 ,0.0 ,978.4 ,825.5 ,90 ,38.07 ,34.05529573,1
198.6 ,132.4 ,0.0 ,192.0 ,0.0 ,978.4 ,825.5 ,28 ,28.02 ,27.82152871,1
427.5 ,47.5 ,0.0 ,228.0 ,0.0 ,932.0 ,594.0 ,270 ,43.01 ,37.19824526,1
190.0 ,190.0 ,0.0 ,228.0 ,0.0 ,932.0 ,670.0 ,90 ,42.33 ,37.85908886,1
304.0 ,76.0 ,0.0 ,228.0 ,0.0 ,932.0 ,670.0 ,28 ,47.81 ,47.47225464,0
380.0 ,0.0 ,0.0 ,228.0 ,0.0 ,932.0 ,670.0 ,90 ,52.91 ,47.32355272,0
139.6 ,209.4 ,0.0 ,192.0 ,0.0 ,1047.0 ,806.9 ,90 ,39.36 ,35.20358736,1
342.0 ,38.0 ,0.0 ,228.0 ,0.0 ,932.0 ,670.0 ,365 ,56.14 ,48.3359223,0
380.0 ,95.0 ,0.0 ,228.0 ,0.0 ,932.0 ,594.0 ,90 ,40.56 ,36.28157543,1
475.0 ,0.0 ,0.0 ,228.0 ,0.0 ,932.0 ,594.0 ,180 ,42.62 ,37.17467667,1
427.5 ,47.5 ,0.0 ,228.0 ,0.0 ,932.0 ,594.0 ,180 ,41.84 ,36.49091183,1
139.6 ,209.4 ,0.0 ,192.0 ,0.0 ,1047.0 ,806.9 ,28 ,28.24 ,28.03579323,1
139.6 ,209.4 ,0.0 ,192.0 ,0.0 ,1047.0 ,806.9 ,3 ,8.06 ,17.60513764,1
139.6 ,209.4 ,0.0 ,192.0 ,0.0 ,1047.0 ,806.9 ,180 ,44.21 ,38.55904489,1
380.0 ,0.0 ,0.0 ,228.0 ,0.0 ,932.0 ,670.0 ,365 ,52.52 ,45.21471828,0
380.0 ,0.0 ,0.0 ,228.0 ,0.0 ,932.0 ,670.0 ,270 ,53.30 ,46.0951759,0
380.0 ,95.0 ,0.0 ,228.0 ,0.0 ,932.0 ,594.0 ,270 ,41.15 ,35.5883188,1
342.0 ,38.0 ,0.0 ,228.0 ,0.0 ,932.0 ,670.0 ,180 ,52.12 ,45.46404744,0
427.5 ,47.5 ,0.0 ,228.0 ,0.0 ,932.0 ,594.0 ,28 ,37.43 ,37.16017579,1
475.0 ,0.0 ,0.0 ,228.0 ,0.0 ,932.0 ,594.0 ,7 ,38.60 ,54.87248919,0
304.0 ,76.0 ,0.0 ,228.0 ,0.0 ,932.0 ,670.0 ,365 ,55.26 ,47.57669446,0
266.0 ,114.0 ,0.0 ,228.0 ,0.0 ,932.0 ,670.0 ,365 ,52.91 ,45.55188904,0
198.6 ,132.4 ,0.0 ,192.0 ,0.0 ,978.4 ,825.5 ,180 ,41.72 ,36.38867786,1
475.0 ,0.0 ,0.0 ,228.0 ,0.0 ,932.0 ,594.0 ,270 ,42.13 ,36.43561714,1
190.0 ,190.0 ,0.0 ,228.0 ,0.0 ,932.0 ,670.0 ,365 ,53.69 ,46.22682418,0
237.5 ,237.5 ,0.0 ,228.0 ,0.0 ,932.0 ,594.0 ,270 ,38.41 ,33.21576422,1
237.5 ,237.5 ,0.0 ,228.0 ,0.0 ,932.0 ,594.0 ,28 ,30.08 ,29.86491396,1
332.5 ,142.5 ,0.0 ,228.0 ,0.0 ,932.0 ,594.0 ,90 ,37.72 ,33.74016306,1
475.0 ,0.0 ,0.0 ,228.0 ,0.0 ,932.0 ,594.0 ,90 ,42.23 ,37.77151774,1
237.5 ,237.5 ,0.0 ,228.0 ,0.0 ,932.0 ,594.0 ,180 ,36.25 ,31.61976389,1
342.0 ,38.0 ,0.0 ,228.0 ,0.0 ,932.0 ,670.0 ,90 ,50.46 ,45.1330415,0
427.5 ,47.5 ,0.0 ,228.0 ,0.0 ,932.0 ,594.0 ,365 ,43.70 ,37.62243997,1
237.5 ,237.5 ,0.0 ,228.0 ,0.0 ,932.0 ,594.0 ,365 ,39.00 ,33.57342274,1
380.0 ,0.0 ,0.0 ,228.0 ,0.0 ,932.0 ,670.0 ,180 ,53.10 ,46.31860315,0
427.5 ,47.5 ,0.0 ,228.0 ,0.0 ,932.0 ,594.0 ,90 ,41.54 ,37.15790326,1
427.5 ,47.5 ,0.0 ,228.0 ,0.0 ,932.0 ,594.0 ,7 ,35.08 ,49.85860002,0
349.0 ,0.0 ,0.0 ,192.0 ,0.0 ,1047.0 ,806.9 ,3 ,15.05 ,32.85740396,1
380.0 ,95.0 ,0.0 ,228.0 ,0.0 ,932.0 ,594.0 ,180 ,40.76 ,35.55096069,1
237.5 ,237.5 ,0.0 ,228.0 ,0.0 ,932.0 ,594.0 ,7 ,26.26 ,37.32387709,1
380.0 ,95.0 ,0.0 ,228.0 ,0.0 ,932.0 ,594.0 ,7 ,32.82 ,46.65582641,0
332.5 ,142.5 ,0.0 ,228.0 ,0.0 ,932.0 ,594.0 ,180 ,39.78 ,34.69640499,1
190.0 ,190.0 ,0.0 ,228.0 ,0.0 ,932.0 ,670.0 ,180 ,46.93 ,40.93508261,0
237.5 ,237.5 ,0.0 ,228.0 ,0.0 ,932.0 ,594.0 ,90 ,33.12 ,29.62123727,1
304.0 ,76.0 ,0.0 ,228.0 ,0.0 ,932.0 ,670.0 ,90 ,49.19 ,43.99338364,0
139.6 ,209.4 ,0.0 ,192.0 ,0.0 ,1047.0 ,806.9 ,7 ,14.59 ,20.73766514,1
198.6 ,132.4 ,0.0 ,192.0 ,0.0 ,978.4 ,825.5 ,7 ,14.64 ,20.80724804,1
475.0 ,0.0 ,0.0 ,228.0 ,0.0 ,932.0 ,594.0 ,365 ,41.93 ,36.1039843,1
198.6 ,132.4 ,0.0 ,192.0 ,0.0 ,978.4 ,825.5 ,3 ,9.13 ,19.93693398,1
304.0 ,76.0 ,0.0 ,228.0 ,0.0 ,932.0 ,670.0 ,180 ,50.95 ,44.43870087,0
332.5 ,142.5 ,0.0 ,228.0 ,0.0 ,932.0 ,594.0 ,28 ,33.02 ,32.7831556,1
304.0 ,76.0 ,0.0 ,228.0 ,0.0 ,932.0 ,670.0 ,270 ,54.38 ,47.02714443,0
266.0 ,114.0 ,0.0 ,228.0 ,0.0 ,932.0 ,670.0 ,270 ,51.73 ,44.73926005,0
310.0 ,0.0 ,0.0 ,192.0 ,0.0 ,971.0 ,850.6 ,3 ,9.87 ,21.54164341,1
190.0 ,190.0 ,0.0 ,228.0 ,0.0 ,932.0 ,670.0 ,270 ,50.66 ,43.80729151,0
266.0 ,114.0 ,0.0 ,228.0 ,0.0 ,932.0 ,670.0 ,180 ,48.70 ,42.47340316,0
342.0 ,38.0 ,0.0 ,228.0 ,0.0 ,932.0 ,670.0 ,270 ,55.06 ,47.62043215,0
139.6 ,209.4 ,0.0 ,192.0 ,0.0 ,1047.0 ,806.9 ,360 ,44.70 ,38.48997855,1
332.5 ,142.5 ,0.0 ,228.0 ,0.0 ,932.0 ,594.0 ,7 ,30.28 ,43.03457533,0
190.0 ,190.0 ,0.0 ,228.0 ,0.0 ,932.0 ,670.0 ,28 ,40.86 ,40.56513332,0
485.0 ,0.0 ,0.0 ,146.0 ,0.0 ,1120.0 ,800.0 ,28 ,71.99 ,71.47398781,0
374.0 ,189.2 ,0.0 ,170.1 ,10.1 ,926.1 ,756.7 ,3 ,34.40 ,75.10220751,0
313.3 ,262.2 ,0.0 ,175.5 ,8.6 ,1046.9 ,611.8 ,3 ,28.80 ,62.87871734,0
425.0 ,106.3 ,0.0 ,153.5 ,16.5 ,852.1 ,887.1 ,3 ,33.40 ,72.91944141,0
425.0 ,106.3 ,0.0 ,151.4 ,18.6 ,936.0 ,803.7 ,3 ,36.30 ,79.25698989,0
375.0 ,93.8 ,0.0 ,126.6 ,23.4 ,852.1 ,992.6 ,3 ,29.00 ,63.31527056,0
475.0 ,118.8 ,0.0 ,181.1 ,8.9 ,852.1 ,781.5 ,3 ,37.80 ,82.52361227,0
469.0 ,117.2 ,0.0 ,137.8 ,32.2 ,852.1 ,840.5 ,3 ,40.20 ,87.76225091,0
425.0 ,106.3 ,0.0 ,153.5 ,16.5 ,852.1 ,887.1 ,3 ,33.40 ,72.91944141,0
388.6 ,97.1 ,0.0 ,157.9 ,12.1 ,852.1 ,925.7 ,3 ,28.10 ,61.34325428,0
531.3 ,0.0 ,0.0 ,141.8 ,28.2 ,852.1 ,893.7 ,3 ,41.30 ,90.17082041,0
425.0 ,106.3 ,0.0 ,153.5 ,16.5 ,852.1 ,887.1 ,3 ,33.40 ,72.91944141,0
318.8 ,212.5 ,0.0 ,155.7 ,14.3 ,852.1 ,880.4 ,3 ,25.20 ,55.02075936,0
401.8 ,94.7 ,0.0 ,147.4 ,11.4 ,946.8 ,852.1 ,3 ,41.10 ,89.73426719,0
362.6 ,189.0 ,0.0 ,164.9 ,11.6 ,944.7 ,755.8 ,3 ,35.30 ,77.07422379,0
323.7 ,282.8 ,0.0 ,183.8 ,10.3 ,942.7 ,659.9 ,3 ,28.30 ,61.7798075,0
379.5 ,151.2 ,0.0 ,153.9 ,15.9 ,1134.3 ,605.0 ,3 ,28.60 ,62.44216411,0
362.6 ,189.0 ,0.0 ,164.9 ,11.6 ,944.7 ,755.8 ,3 ,35.30 ,77.07422379,0
286.3 ,200.9 ,0.0 ,144.7 ,11.2 ,1004.6 ,803.7 ,3 ,24.40 ,53.27454648,0
362.6 ,189.0 ,0.0 ,164.9 ,11.6 ,944.7 ,755.8 ,3 ,35.30 ,77.07422379,0
439.0 ,177.0 ,0.0 ,186.0 ,11.1 ,884.9 ,707.9 ,3 ,39.30 ,85.8052882,0
389.9 ,189.0 ,0.0 ,145.9 ,22.0 ,944.7 ,755.8 ,3 ,40.60 ,88.63535735,0
362.6 ,189.0 ,0.0 ,164.9 ,11.6 ,944.7 ,755.8 ,3 ,35.30 ,77.07422379,0
337.9 ,189.0 ,0.0 ,174.9 ,9.5 ,944.7 ,755.8 ,3 ,24.10 ,52.61218987,0
374.0 ,189.2 ,0.0 ,170.1 ,10.1 ,926.1 ,756.7 ,7 ,46.20 ,65.67253975,0
313.3 ,262.2 ,0.0 ,175.5 ,8.6 ,1046.9 ,611.8 ,7 ,42.80 ,60.83113778,0
425.0 ,106.3 ,0.0 ,153.5 ,16.5 ,852.1 ,887.1 ,7 ,49.20 ,69.9357176,0
425.0 ,106.3 ,0.0 ,151.4 ,18.6 ,936.0 ,803.7 ,7 ,46.80 ,66.52517532,0
375.0 ,93.8 ,0.0 ,126.6 ,23.4 ,852.1 ,992.6 ,7 ,45.70 ,64.95710991,0
475.0 ,118.8 ,0.0 ,181.1 ,8.9 ,852.1 ,781.5 ,7 ,55.60 ,79.03049702,0
469.0 ,117.2 ,0.0 ,137.8 ,32.2 ,852.1 ,840.5 ,7 ,54.90 ,78.03085532,0
425.0 ,106.3 ,0.0 ,153.5 ,16.5 ,852.1 ,887.1 ,7 ,49.20 ,69.9357176,0
388.6 ,97.1 ,0.0 ,157.9 ,12.1 ,852.1 ,925.7 ,7 ,34.90 ,49.60966963,0
531.3 ,0.0 ,0.0 ,141.8 ,28.2 ,852.1 ,893.7 ,7 ,46.90 ,66.66238105,0
425.0 ,106.3 ,0.0 ,153.5 ,16.5 ,852.1 ,887.1 ,7 ,49.20 ,69.9357176,0
318.8 ,212.5 ,0.0 ,155.7 ,14.3 ,852.1 ,880.4 ,7 ,33.40 ,47.4731805,0
401.8 ,94.7 ,0.0 ,147.4 ,11.4 ,946.8 ,852.1 ,7 ,54.10 ,76.89400789,0
362.6 ,189.0 ,0.0 ,164.9 ,11.6 ,944.7 ,755.8 ,7 ,55.90 ,79.4519146,0
323.7 ,282.8 ,0.0 ,183.8 ,10.3 ,942.7 ,659.9 ,7 ,49.80 ,70.78835318,0
379.5 ,151.2 ,0.0 ,153.9 ,15.9 ,1134.3 ,605.0 ,7 ,47.10 ,66.9465929,0
362.6 ,189.0 ,0.0 ,164.9 ,11.6 ,944.7 ,755.8 ,7 ,55.90 ,79.4519146,0
286.3 ,200.9 ,0.0 ,144.7 ,11.2 ,1004.6 ,803.7 ,7 ,38.00 ,54.01005321,0
362.6 ,189.0 ,0.0 ,164.9 ,11.6 ,944.7 ,755.8 ,7 ,55.90 ,79.4519146,0
439.0 ,177.0 ,0.0 ,186.0 ,11.1 ,884.9 ,707.9 ,7 ,56.10 ,79.73612646,0
389.9 ,189.0 ,0.0 ,145.9 ,22.0 ,944.7 ,755.8 ,7 ,59.09 ,83.99930431,0
362.6 ,189.0 ,0.0 ,164.9 ,11.6 ,944.7 ,755.8 ,7 ,22.90 ,32.54715781,1
337.9 ,189.0 ,0.0 ,174.9 ,9.5 ,944.7 ,755.8 ,7 ,35.10 ,49.89388149,0
374.0 ,189.2 ,0.0 ,170.1 ,10.1 ,926.1 ,756.7 ,28 ,61.09 ,60.6580793,0
313.3 ,262.2 ,0.0 ,175.5 ,8.6 ,1046.9 ,611.8 ,28 ,59.80 ,59.3711231,0
425.0 ,106.3 ,0.0 ,153.5 ,16.5 ,852.1 ,887.1 ,28 ,60.29 ,59.86399994,0
425.0 ,106.3 ,0.0 ,151.4 ,18.6 ,936.0 ,803.7 ,28 ,61.80 ,61.3563215,0
375.0 ,93.8 ,0.0 ,126.6 ,23.4 ,852.1 ,992.6 ,28 ,56.70 ,56.29064283,0
475.0 ,118.8 ,0.0 ,181.1 ,8.9 ,852.1 ,781.5 ,28 ,68.30 ,67.81163904,0
469.0 ,117.2 ,0.0 ,137.8 ,32.2 ,852.1 ,840.5 ,28 ,66.90 ,66.42200016,0
425.0 ,106.3 ,0.0 ,153.5 ,16.5 ,852.1 ,887.1 ,28 ,60.29 ,59.86399994,0
388.6 ,97.1 ,0.0 ,157.9 ,12.1 ,852.1 ,925.7 ,28 ,50.70 ,50.33504764,0
531.3 ,0.0 ,0.0 ,141.8 ,28.2 ,852.1 ,893.7 ,28 ,56.40 ,55.99628582,0
425.0 ,106.3 ,0.0 ,153.5 ,16.5 ,852.1 ,887.1 ,28 ,60.29 ,59.86399994,0
318.8 ,212.5 ,0.0 ,155.7 ,14.3 ,852.1 ,880.4 ,28 ,55.50 ,55.09952379,0
401.8 ,94.7 ,0.0 ,147.4 ,11.4 ,946.8 ,852.1 ,28 ,68.50 ,68.01015888,0
362.6 ,189.0 ,0.0 ,164.9 ,11.6 ,944.7 ,755.8 ,28 ,71.30 ,70.78943664,0
323.7 ,282.8 ,0.0 ,183.8 ,10.3 ,942.7 ,659.9 ,28 ,74.70 ,74.16427391,0
379.5 ,151.2 ,0.0 ,153.9 ,15.9 ,1134.3 ,605.0 ,28 ,52.20 ,51.82736919,0
362.6 ,189.0 ,0.0 ,164.9 ,11.6 ,944.7 ,755.8 ,28 ,71.30 ,70.78943664,0
286.3 ,200.9 ,0.0 ,144.7 ,11.2 ,1004.6 ,803.7 ,28 ,67.70 ,67.21607952,0
362.6 ,189.0 ,0.0 ,164.9 ,11.6 ,944.7 ,755.8 ,28 ,71.30 ,70.78943664,0
439.0 ,177.0 ,0.0 ,186.0 ,11.1 ,884.9 ,707.9 ,28 ,66.00 ,65.52523813,0
389.9 ,189.0 ,0.0 ,145.9 ,22.0 ,944.7 ,755.8 ,28 ,74.50 ,73.96575407,0
362.6 ,189.0 ,0.0 ,164.9 ,11.6 ,944.7 ,755.8 ,28 ,71.30 ,70.78943664,0
337.9 ,189.0 ,0.0 ,174.9 ,9.5 ,944.7 ,755.8 ,28 ,49.90 ,49.54096828,0
374.0 ,189.2 ,0.0 ,170.1 ,10.1 ,926.1 ,756.7 ,56 ,63.40 ,58.41610034,0
313.3 ,262.2 ,0.0 ,175.5 ,8.6 ,1046.9 ,611.8 ,56 ,64.90 ,59.80106063,0
425.0 ,106.3 ,0.0 ,153.5 ,16.5 ,852.1 ,887.1 ,56 ,64.30 ,59.24834712,0
425.0 ,106.3 ,0.0 ,151.4 ,18.6 ,936.0 ,803.7 ,56 ,64.90 ,59.80106063,0
375.0 ,93.8 ,0.0 ,126.6 ,23.4 ,852.1 ,992.6 ,56 ,60.20 ,55.46829495,0
475.0 ,118.8 ,0.0 ,181.1 ,8.9 ,852.1 ,781.5 ,56 ,72.30 ,66.6178606,0
469.0 ,117.2 ,0.0 ,137.8 ,32.2 ,852.1 ,840.5 ,56 ,69.30 ,63.85429304,0
425.0 ,106.3 ,0.0 ,153.5 ,16.5 ,852.1 ,887.1 ,56 ,64.30 ,59.24834712,0
388.6 ,97.1 ,0.0 ,157.9 ,12.1 ,852.1 ,925.7 ,56 ,55.20 ,50.86234903,0
531.3 ,0.0 ,0.0 ,141.8 ,28.2 ,852.1 ,893.7 ,56 ,58.80 ,54.17863009,0
425.0 ,106.3 ,0.0 ,153.5 ,16.5 ,852.1 ,887.1 ,56 ,64.30 ,59.24834712,0
318.8 ,212.5 ,0.0 ,155.7 ,14.3 ,852.1 ,880.4 ,56 ,66.10 ,60.90648765,0
401.8 ,94.7 ,0.0 ,147.4 ,11.4 ,946.8 ,852.1 ,56 ,73.70 ,67.90752545,0
362.6 ,189.0 ,0.0 ,164.9 ,11.6 ,944.7 ,755.8 ,56 ,77.30 ,71.22380652,0
323.7 ,282.8 ,0.0 ,183.8 ,10.3 ,942.7 ,659.9 ,56 ,80.20 ,73.89843167,0
379.5 ,151.2 ,0.0 ,153.9 ,15.9 ,1134.3 ,605.0 ,56 ,54.90 ,50.58281576,0
362.6 ,189.0 ,0.0 ,164.9 ,11.6 ,944.7 ,755.8 ,56 ,77.30 ,71.22380652,0
286.3 ,200.9 ,0.0 ,144.7 ,11.2 ,1004.6 ,803.7 ,56 ,72.99 ,67.25951651,0
362.6 ,189.0 ,0.0 ,164.9 ,11.6 ,944.7 ,755.8 ,56 ,77.30 ,71.22380652,0
439.0 ,177.0 ,0.0 ,186.0 ,11.1 ,884.9 ,707.9 ,56 ,71.70 ,66.06514709,0
389.9 ,189.0 ,0.0 ,145.9 ,22.0 ,944.7 ,755.8 ,56 ,79.40 ,73.16148032,0
362.6 ,189.0 ,0.0 ,164.9 ,11.6 ,944.7 ,755.8 ,56 ,77.30 ,71.22380652,0
337.9 ,189.0 ,0.0 ,174.9 ,9.5 ,944.7 ,755.8 ,56 ,59.89 ,55.18876168,0
374.0 ,189.2 ,0.0 ,170.1 ,10.1 ,926.1 ,756.7 ,91 ,64.90 ,58.01808327,0
313.3 ,262.2 ,0.0 ,175.5 ,8.6 ,1046.9 ,611.8 ,91 ,66.60 ,59.53433192,0
425.0 ,106.3 ,0.0 ,153.5 ,16.5 ,852.1 ,887.1 ,91 ,65.20 ,58.28311861,0
425.0 ,106.3 ,0.0 ,151.4 ,18.6 ,936.0 ,803.7 ,91 ,66.70 ,59.6267861,0
375.0 ,93.8 ,0.0 ,126.6 ,23.4 ,852.1 ,992.6 ,91 ,62.50 ,55.87314617,0
475.0 ,118.8 ,0.0 ,181.1 ,8.9 ,852.1 ,781.5 ,91 ,74.19 ,66.32663275,0
469.0 ,117.2 ,0.0 ,137.8 ,32.2 ,852.1 ,840.5 ,91 ,70.70 ,63.20168128,0
425.0 ,106.3 ,0.0 ,153.5 ,16.5 ,852.1 ,887.1 ,91 ,65.20 ,58.28311861,0
388.6 ,97.1 ,0.0 ,157.9 ,12.1 ,852.1 ,925.7 ,91 ,57.60 ,51.49081777,0
531.3 ,0.0 ,0.0 ,141.8 ,28.2 ,852.1 ,893.7 ,91 ,59.20 ,52.92077584,0
425.0 ,106.3 ,0.0 ,153.5 ,16.5 ,852.1 ,887.1 ,91 ,65.20 ,58.28311861,0
318.8 ,212.5 ,0.0 ,155.7 ,14.3 ,852.1 ,880.4 ,91 ,68.10 ,60.87799941,0
401.8 ,94.7 ,0.0 ,147.4 ,11.4 ,946.8 ,852.1 ,91 ,75.50 ,67.49155549,0
362.6 ,189.0 ,0.0 ,164.9 ,11.6 ,944.7 ,755.8 ,91 ,79.30 ,70.88770591,0
379.5 ,151.2 ,0.0 ,153.9 ,15.9 ,1134.3 ,605.0 ,91 ,56.50 ,50.50463979,0
362.6 ,189.0 ,0.0 ,164.9 ,11.6 ,944.7 ,755.8 ,91 ,79.30 ,70.88770591,0
286.3 ,200.9 ,0.0 ,144.7 ,11.2 ,1004.6 ,803.7 ,91 ,76.80 ,68.65647823,0
362.6 ,189.0 ,0.0 ,164.9 ,11.6 ,944.7 ,755.8 ,91 ,79.30 ,70.88770591,0
439.0 ,177.0 ,0.0 ,186.0 ,11.1 ,884.9 ,707.9 ,91 ,73.30 ,65.52536314,0
389.9 ,189.0 ,0.0 ,145.9 ,22.0 ,944.7 ,755.8 ,91 ,82.60 ,73.84007624,0
362.6 ,189.0 ,0.0 ,164.9 ,11.6 ,944.7 ,755.8 ,91 ,79.30 ,70.88770591,0
337.9 ,189.0 ,0.0 ,174.9 ,9.5 ,944.7 ,755.8 ,91 ,67.80 ,60.60680047,0
222.4 ,0.0 ,96.7 ,189.3 ,4.5 ,967.1 ,870.3 ,3 ,11.58 ,25.27492612,1
222.4 ,0.0 ,96.7 ,189.3 ,4.5 ,967.1 ,870.3 ,14 ,24.45 ,27.76687296,1
222.4 ,0.0 ,96.7 ,189.3 ,4.5 ,967.1 ,870.3 ,28 ,24.89 ,24.71229729,1
222.4 ,0.0 ,96.7 ,189.3 ,4.5 ,967.1 ,870.3 ,56 ,29.45 ,27.13378625,1
222.4 ,0.0 ,96.7 ,189.3 ,4.5 ,967.1 ,870.3 ,100 ,40.71 ,36.23506644,1
233.8 ,0.0 ,94.6 ,197.9 ,4.6 ,947.0 ,852.2 ,3 ,10.38 ,22.67066036,1
233.8 ,0.0 ,94.6 ,197.9 ,4.6 ,947.0 ,852.2 ,14 ,22.14 ,25.14366302,1
233.8 ,0.0 ,94.6 ,197.9 ,4.6 ,947.0 ,852.2 ,28 ,22.84 ,22.6723348,1
233.8 ,0.0 ,94.6 ,197.9 ,4.6 ,947.0 ,852.2 ,56 ,27.66 ,25.48835177,1
233.8 ,0.0 ,94.6 ,197.9 ,4.6 ,947.0 ,852.2 ,100 ,34.56 ,30.75531804,1
194.7 ,0.0 ,100.5 ,165.6 ,7.5 ,1006.4 ,905.9 ,3 ,12.45 ,27.18672816,1
194.7 ,0.0 ,100.5 ,165.6 ,7.5 ,1006.4 ,905.9 ,14 ,24.99 ,28.3776502,1
194.7 ,0.0 ,100.5 ,165.6 ,7.5 ,1006.4 ,905.9 ,28 ,25.72 ,25.54060421,1
194.7 ,0.0 ,100.5 ,165.6 ,7.5 ,1006.4 ,905.9 ,56 ,33.96 ,31.29502015,1
194.7 ,0.0 ,100.5 ,165.6 ,7.5 ,1006.4 ,905.9 ,100 ,37.34 ,33.23439794,1
190.7 ,0.0 ,125.4 ,162.1 ,7.8 ,1090.0 ,804.0 ,3 ,15.04 ,32.84686647,1
190.7 ,0.0 ,125.4 ,162.1 ,7.8 ,1090.0 ,804.0 ,14 ,21.06 ,23.92210854,1
190.7 ,0.0 ,125.4 ,162.1 ,7.8 ,1090.0 ,804.0 ,28 ,26.40 ,26.21146435,1
190.7 ,0.0 ,125.4 ,162.1 ,7.8 ,1090.0 ,804.0 ,56 ,35.34 ,32.56562592,1
190.7 ,0.0 ,125.4 ,162.1 ,7.8 ,1090.0 ,804.0 ,100 ,40.57 ,36.10620338,1
212.1 ,0.0 ,121.6 ,180.3 ,5.7 ,1057.6 ,779.3 ,3 ,12.47 ,27.23188883,1
212.1 ,0.0 ,121.6 ,180.3 ,5.7 ,1057.6 ,779.3 ,14 ,20.92 ,23.75766852,1
212.1 ,0.0 ,121.6 ,180.3 ,5.7 ,1057.6 ,779.3 ,28 ,24.90 ,24.72598831,1
212.1 ,0.0 ,121.6 ,180.3 ,5.7 ,1057.6 ,779.3 ,56 ,34.20 ,31.51737616,1
212.1 ,0.0 ,121.6 ,180.3 ,5.7 ,1057.6 ,779.3 ,100 ,39.61 ,35.25325262,1
230.0 ,0.0 ,118.3 ,195.5 ,4.6 ,1029.4 ,758.6 ,3 ,10.03 ,21.90292883,1
230.0 ,0.0 ,118.3 ,195.5 ,4.6 ,1029.4 ,758.6 ,14 ,20.08 ,22.81018075,1
230.0 ,0.0 ,118.3 ,195.5 ,4.6 ,1029.4 ,758.6 ,28 ,24.48 ,24.3084121,1
230.0 ,0.0 ,118.3 ,195.5 ,4.6 ,1029.4 ,758.6 ,56 ,31.54 ,29.05875399,1
230.0 ,0.0 ,118.3 ,195.5 ,4.6 ,1029.4 ,758.6 ,100 ,35.34 ,31.45486039,1
190.3 ,0.0 ,125.2 ,161.9 ,9.9 ,1088.1 ,802.6 ,3 ,9.45 ,20.62337629,1
190.3 ,0.0 ,125.2 ,161.9 ,9.9 ,1088.1 ,802.6 ,14 ,22.72 ,25.80142313,1
190.3 ,0.0 ,125.2 ,161.9 ,9.9 ,1088.1 ,802.6 ,28 ,28.47 ,28.26511787,1
190.3 ,0.0 ,125.2 ,161.9 ,9.9 ,1088.1 ,802.6 ,56 ,38.56 ,35.5324904,1
190.3 ,0.0 ,125.2 ,161.9 ,9.9 ,1088.1 ,802.6 ,100 ,40.39 ,35.94665863,1
166.1 ,0.0 ,163.3 ,176.5 ,4.5 ,1058.6 ,780.1 ,3 ,10.76 ,23.49860612,1
166.1 ,0.0 ,163.3 ,176.5 ,4.5 ,1058.6 ,780.1 ,14 ,25.48 ,28.94144458,1
166.1 ,0.0 ,163.3 ,176.5 ,4.5 ,1058.6 ,780.1 ,28 ,21.54 ,21.3853786,1
166.1 ,0.0 ,163.3 ,176.5 ,4.5 ,1058.6 ,780.1 ,56 ,28.63 ,26.37777581,1
166.1 ,0.0 ,163.3 ,176.5 ,4.5 ,1058.6 ,780.1 ,100 ,33.54 ,29.85327659,1
168.0 ,42.1 ,163.8 ,121.8 ,5.7 ,1058.7 ,780.1 ,3 ,7.75 ,16.92020069,1
168.0 ,42.1 ,163.8 ,121.8 ,5.7 ,1058.7 ,780.1 ,14 ,17.82 ,20.24178415,1
168.0 ,42.1 ,163.8 ,121.8 ,5.7 ,1058.7 ,780.1 ,28 ,24.24 ,24.06881919,1
168.0 ,42.1 ,163.8 ,121.8 ,5.7 ,1058.7 ,780.1 ,56 ,32.85 ,30.2721825,1
168.0 ,42.1 ,163.8 ,121.8 ,5.7 ,1058.7 ,780.1 ,100 ,39.23 ,34.91575412,1
213.7 ,98.1 ,24.5 ,181.7 ,6.9 ,1065.8 ,785.4 ,3 ,18.00 ,39.28978986,1
213.7 ,98.1 ,24.5 ,181.7 ,6.9 ,1065.8 ,785.4 ,14 ,30.39 ,34.50891403,1
213.7 ,98.1 ,24.5 ,181.7 ,6.9 ,1065.8 ,785.4 ,28 ,45.71 ,45.37889715,0
213.7 ,98.1 ,24.5 ,181.7 ,6.9 ,1065.8 ,785.4 ,56 ,50.77 ,46.7837045,0
213.7 ,98.1 ,24.5 ,181.7 ,6.9 ,1065.8 ,785.4 ,100 ,53.90 ,47.97387798,0
213.8 ,98.1 ,24.5 ,181.7 ,6.7 ,1066.0 ,785.5 ,3 ,13.18 ,28.78240545,1
213.8 ,98.1 ,24.5 ,181.7 ,6.7 ,1066.0 ,785.5 ,14 ,17.84 ,20.25744511,1
213.8 ,98.1 ,24.5 ,181.7 ,6.7 ,1066.0 ,785.5 ,28 ,40.23 ,39.94356085,1
213.8 ,98.1 ,24.5 ,181.7 ,6.7 ,1066.0 ,785.5 ,56 ,47.13 ,43.42930527,0
213.8 ,98.1 ,24.5 ,181.7 ,6.7 ,1066.0 ,785.5 ,100 ,49.97 ,44.47616623,0
229.7 ,0.0 ,118.2 ,195.2 ,6.1 ,1028.1 ,757.6 ,3 ,13.36 ,29.15874443,1
229.7 ,0.0 ,118.2 ,195.2 ,6.1 ,1028.1 ,757.6 ,14 ,22.32 ,25.34725544,1
229.7 ,0.0 ,118.2 ,195.2 ,6.1 ,1028.1 ,757.6 ,28 ,24.54 ,24.36317619,1
229.7 ,0.0 ,118.2 ,195.2 ,6.1 ,1028.1 ,757.6 ,56 ,31.35 ,28.88722221,1
229.7 ,0.0 ,118.2 ,195.2 ,6.1 ,1028.1 ,757.6 ,100 ,40.86 ,36.36392951,1
238.1 ,0.0 ,94.1 ,186.7 ,7.0 ,949.9 ,847.0 ,3 ,19.93 ,43.51984003,0
238.1 ,0.0 ,94.1 ,186.7 ,7.0 ,949.9 ,847.0 ,14 ,25.69 ,29.1763589,1
238.1 ,0.0 ,94.1 ,186.7 ,7.0 ,949.9 ,847.0 ,28 ,30.23 ,30.01756887,1
238.1 ,0.0 ,94.1 ,186.7 ,7.0 ,949.9 ,847.0 ,56 ,39.59 ,36.4790917,1
238.1 ,0.0 ,94.1 ,186.7 ,7.0 ,949.9 ,847.0 ,100 ,44.30 ,39.42596137,1
250.0 ,0.0 ,95.7 ,187.4 ,5.5 ,956.9 ,861.2 ,3 ,13.82 ,30.1673329,1
250.0 ,0.0 ,95.7 ,187.4 ,5.5 ,956.9 ,861.2 ,14 ,24.92 ,28.29934543,1
250.0 ,0.0 ,95.7 ,187.4 ,5.5 ,956.9 ,861.2 ,28 ,29.22 ,29.01127865,1
250.0 ,0.0 ,95.7 ,187.4 ,5.5 ,956.9 ,861.2 ,56 ,38.33 ,35.31648742,1
250.0 ,0.0 ,95.7 ,187.4 ,5.5 ,956.9 ,861.2 ,100 ,42.35 ,37.68937817,1
212.5 ,0.0 ,100.4 ,159.3 ,8.7 ,1007.8 ,903.6 ,3 ,13.54 ,29.56519053,1
212.5 ,0.0 ,100.4 ,159.3 ,8.7 ,1007.8 ,903.6 ,14 ,26.31 ,29.88110187,1
212.5 ,0.0 ,100.4 ,159.3 ,8.7 ,1007.8 ,903.6 ,28 ,31.64 ,31.41405326,1
212.5 ,0.0 ,100.4 ,159.3 ,8.7 ,1007.8 ,903.6 ,56 ,42.55 ,39.20454108,1
212.5 ,0.0 ,100.4 ,159.3 ,8.7 ,1007.8 ,903.6 ,100 ,42.92 ,38.19869409,1
212.6 ,0.0 ,100.4 ,159.4 ,10.4 ,1003.8 ,903.8 ,3 ,13.33 ,29.11358375,1
212.6 ,0.0 ,100.4 ,159.4 ,10.4 ,1003.8 ,903.8 ,14 ,25.37 ,28.81615694,1
212.6 ,0.0 ,100.4 ,159.4 ,10.4 ,1003.8 ,903.8 ,28 ,37.40 ,37.13690105,1
212.6 ,0.0 ,100.4 ,159.4 ,10.4 ,1003.8 ,903.8 ,56 ,44.40 ,40.90715281,0
212.6 ,0.0 ,100.4 ,159.4 ,10.4 ,1003.8 ,903.8 ,100 ,47.74 ,42.48799323,0
212.0 ,0.0 ,124.8 ,159.0 ,7.8 ,1085.4 ,799.5 ,3 ,19.52 ,42.61662647,0
212.0 ,0.0 ,124.8 ,159.0 ,7.8 ,1085.4 ,799.5 ,14 ,31.35 ,35.60518087,1
212.0 ,0.0 ,124.8 ,159.0 ,7.8 ,1085.4 ,799.5 ,28 ,38.50 ,38.22533741,1
212.0 ,0.0 ,124.8 ,159.0 ,7.8 ,1085.4 ,799.5 ,56 ,45.08 ,41.5424557,0
212.0 ,0.0 ,124.8 ,159.0 ,7.8 ,1085.4 ,799.5 ,100 ,47.82 ,42.55549293,0
231.8 ,0.0 ,121.6 ,174.0 ,6.7 ,1056.4 ,778.5 ,3 ,15.44 ,33.70491935,1
231.8 ,0.0 ,121.6 ,174.0 ,6.7 ,1056.4 ,778.5 ,14 ,26.77 ,30.40574386,1
231.8 ,0.0 ,121.6 ,174.0 ,6.7 ,1056.4 ,778.5 ,28 ,33.73 ,33.48824331,1
231.8 ,0.0 ,121.6 ,174.0 ,6.7 ,1056.4 ,778.5 ,56 ,42.70 ,39.34430771,1
231.8 ,0.0 ,121.6 ,174.0 ,6.7 ,1056.4 ,778.5 ,100 ,45.84 ,40.79436439,0
251.4 ,0.0 ,118.3 ,188.5 ,5.8 ,1028.4 ,757.7 ,3 ,17.22 ,37.60379121,1
251.4 ,0.0 ,118.3 ,188.5 ,5.8 ,1028.4 ,757.7 ,14 ,29.93 ,33.99210252,1
251.4 ,0.0 ,118.3 ,188.5 ,5.8 ,1028.4 ,757.7 ,28 ,29.65 ,29.44254588,1
251.4 ,0.0 ,118.3 ,188.5 ,5.8 ,1028.4 ,757.7 ,56 ,36.97 ,34.06494073,1
251.4 ,0.0 ,118.3 ,188.5 ,5.8 ,1028.4 ,757.7 ,100 ,43.58 ,38.78778238,1
251.4 ,0.0 ,118.3 ,188.5 ,6.4 ,1028.4 ,757.7 ,3 ,13.12 ,28.64692341,1
251.4 ,0.0 ,118.3 ,188.5 ,6.4 ,1028.4 ,757.7 ,14 ,24.43 ,27.74338153,1
251.4 ,0.0 ,118.3 ,188.5 ,6.4 ,1028.4 ,757.7 ,28 ,32.66 ,32.42718899,1
251.4 ,0.0 ,118.3 ,188.5 ,6.4 ,1028.4 ,757.7 ,56 ,36.64 ,33.75999535,1
251.4 ,0.0 ,118.3 ,188.5 ,6.4 ,1028.4 ,757.7 ,100 ,44.21 ,39.346189,1
181.4 ,0.0 ,167.0 ,169.6 ,7.6 ,1055.6 ,777.8 ,3 ,13.62 ,29.74583324,1
181.4 ,0.0 ,167.0 ,169.6 ,7.6 ,1055.6 ,777.8 ,14 ,21.60 ,24.53288578,1
181.4 ,0.0 ,167.0 ,169.6 ,7.6 ,1055.6 ,777.8 ,28 ,27.77 ,27.57372119,1
181.4 ,0.0 ,167.0 ,169.6 ,7.6 ,1055.6 ,777.8 ,56 ,35.57 ,32.77527587,1
181.4 ,0.0 ,167.0 ,169.6 ,7.6 ,1055.6 ,777.8 ,100 ,45.37 ,40.37709351,0
182.0 ,45.2 ,122.0 ,170.2 ,8.2 ,1059.4 ,780.7 ,3 ,7.32 ,15.97182645,1
182.0 ,45.2 ,122.0 ,170.2 ,8.2 ,1059.4 ,780.7 ,14 ,21.50 ,24.4232591,1
182.0 ,45.2 ,122.0 ,170.2 ,8.2 ,1059.4 ,780.7 ,28 ,31.27 ,31.04439562,1
182.0 ,45.2 ,122.0 ,170.2 ,8.2 ,1059.4 ,780.7 ,56 ,43.50 ,40.08125906,0
182.0 ,45.2 ,122.0 ,170.2 ,8.2 ,1059.4 ,780.7 ,100 ,48.67 ,43.31639865,0
168.9 ,42.2 ,124.3 ,158.3 ,10.8 ,1080.8 ,796.2 ,3 ,7.40 ,16.15246916,1
168.9 ,42.2 ,124.3 ,158.3 ,10.8 ,1080.8 ,796.2 ,14 ,23.51 ,26.70192803,1
168.9 ,42.2 ,124.3 ,158.3 ,10.8 ,1080.8 ,796.2 ,28 ,31.12 ,30.89379437,1
168.9 ,42.2 ,124.3 ,158.3 ,10.8 ,1080.8 ,796.2 ,56 ,39.15 ,36.07249785,1
168.9 ,42.2 ,124.3 ,158.3 ,10.8 ,1080.8 ,796.2 ,100 ,48.15 ,42.85617342,0
290.4 ,0.0 ,96.2 ,168.1 ,9.4 ,961.2 ,865.0 ,3 ,22.50 ,49.13481766,0
290.4 ,0.0 ,96.2 ,168.1 ,9.4 ,961.2 ,865.0 ,14 ,34.67 ,39.37947099,1
290.4 ,0.0 ,96.2 ,168.1 ,9.4 ,961.2 ,865.0 ,28 ,34.74 ,34.48768802,1
290.4 ,0.0 ,96.2 ,168.1 ,9.4 ,961.2 ,865.0 ,56 ,45.08 ,41.5424557,0
290.4 ,0.0 ,96.2 ,168.1 ,9.4 ,961.2 ,865.0 ,100 ,48.97 ,43.58639745,0
277.1 ,0.0 ,97.4 ,160.6 ,11.8 ,973.9 ,875.6 ,3 ,23.14 ,50.51974512,0
277.1 ,0.0 ,97.4 ,160.6 ,11.8 ,973.9 ,875.6 ,14 ,41.89 ,47.57015038,0
277.1 ,0.0 ,97.4 ,160.6 ,11.8 ,973.9 ,875.6 ,28 ,48.28 ,47.93911854,0
277.1 ,0.0 ,97.4 ,160.6 ,11.8 ,973.9 ,875.6 ,56 ,51.04 ,47.0251196,0
277.1 ,0.0 ,97.4 ,160.6 ,11.8 ,973.9 ,875.6 ,100 ,55.64 ,49.52023475,0
295.7 ,0.0 ,95.6 ,171.5 ,8.9 ,955.1 ,859.2 ,3 ,22.95 ,50.09824546,0
295.7 ,0.0 ,95.6 ,171.5 ,8.9 ,955.1 ,859.2 ,14 ,35.23 ,40.01373966,0
295.7 ,0.0 ,95.6 ,171.5 ,8.9 ,955.1 ,859.2 ,28 ,39.94 ,39.65604936,1
295.7 ,0.0 ,95.6 ,171.5 ,8.9 ,955.1 ,859.2 ,56 ,48.72 ,44.8905019,0
295.7 ,0.0 ,95.6 ,171.5 ,8.9 ,955.1 ,859.2 ,100 ,52.04 ,46.31706715,0
251.8 ,0.0 ,99.9 ,146.1 ,12.4 ,1006.0 ,899.8 ,3 ,21.02 ,45.89830241,0
251.8 ,0.0 ,99.9 ,146.1 ,12.4 ,1006.0 ,899.8 ,14 ,33.36 ,37.8838498,1
251.8 ,0.0 ,99.9 ,146.1 ,12.4 ,1006.0 ,899.8 ,28 ,33.94 ,33.70045417,1
251.8 ,0.0 ,99.9 ,146.1 ,12.4 ,1006.0 ,899.8 ,56 ,44.14 ,40.67209074,0
251.8 ,0.0 ,99.9 ,146.1 ,12.4 ,1006.0 ,899.8 ,100 ,45.37 ,40.37709351,0
249.1 ,0.0 ,98.8 ,158.1 ,12.8 ,987.8 ,889.0 ,3 ,15.36 ,33.53933019,1
249.1 ,0.0 ,98.8 ,158.1 ,12.8 ,987.8 ,889.0 ,14 ,28.68 ,32.5747861,1
249.1 ,0.0 ,98.8 ,158.1 ,12.8 ,987.8 ,889.0 ,28 ,30.85 ,30.62681941,1
249.1 ,0.0 ,98.8 ,158.1 ,12.8 ,987.8 ,889.0 ,56 ,42.03 ,38.72806391,1
249.1 ,0.0 ,98.8 ,158.1 ,12.8 ,987.8 ,889.0 ,100 ,51.06 ,45.43957104,0
252.3 ,0.0 ,98.8 ,146.3 ,14.2 ,987.8 ,889.0 ,3 ,21.78 ,47.55419393,0
252.3 ,0.0 ,98.8 ,146.3 ,14.2 ,987.8 ,889.0 ,14 ,42.29 ,48.03214855,0
252.3 ,0.0 ,98.8 ,146.3 ,14.2 ,987.8 ,889.0 ,28 ,50.60 ,50.23921047,0
252.3 ,0.0 ,98.8 ,146.3 ,14.2 ,987.8 ,889.0 ,56 ,55.83 ,51.44047466,0
252.3 ,0.0 ,98.8 ,146.3 ,14.2 ,987.8 ,889.0 ,100 ,60.95 ,54.24521378,0
246.8 ,0.0 ,125.1 ,143.3 ,12.0 ,1086.8 ,800.9 ,3 ,23.52 ,51.36274445,0
246.8 ,0.0 ,125.1 ,143.3 ,12.0 ,1086.8 ,800.9 ,14 ,42.22 ,47.9460133,0
246.8 ,0.0 ,125.1 ,143.3 ,12.0 ,1086.8 ,800.9 ,28 ,52.50 ,52.1285717,0
246.8 ,0.0 ,125.1 ,143.3 ,12.0 ,1086.8 ,800.9 ,56 ,60.32 ,55.58264947,0
246.8 ,0.0 ,125.1 ,143.3 ,12.0 ,1086.8 ,800.9 ,100 ,66.42 ,59.11746488,0
275.1 ,0.0 ,121.4 ,159.5 ,9.9 ,1053.6 ,777.5 ,3 ,23.80 ,51.96488682,0
275.1 ,0.0 ,121.4 ,159.5 ,9.9 ,1053.6 ,777.5 ,14 ,38.77 ,44.03077458,0
275.1 ,0.0 ,121.4 ,159.5 ,9.9 ,1053.6 ,777.5 ,28 ,51.33 ,50.96483471,0
275.1 ,0.0 ,121.4 ,159.5 ,9.9 ,1053.6 ,777.5 ,56 ,56.85 ,52.38072293,0
275.1 ,0.0 ,121.4 ,159.5 ,9.9 ,1053.6 ,777.5 ,100 ,58.61 ,52.1588594,0
297.2 ,0.0 ,117.5 ,174.8 ,9.5 ,1022.8 ,753.5 ,3 ,21.91 ,47.84021156,0
297.2 ,0.0 ,117.5 ,174.8 ,9.5 ,1022.8 ,753.5 ,14 ,36.99 ,42.0105114,0
297.2 ,0.0 ,117.5 ,174.8 ,9.5 ,1022.8 ,753.5 ,28 ,47.40 ,47.06289304,0
297.2 ,0.0 ,117.5 ,174.8 ,9.5 ,1022.8 ,753.5 ,56 ,51.96 ,47.87642547,0
297.2 ,0.0 ,117.5 ,174.8 ,9.5 ,1022.8 ,753.5 ,100 ,56.74 ,50.50204857,0
213.7 ,0.0 ,174.7 ,154.8 ,10.2 ,1053.5 ,776.4 ,3 ,17.57 ,38.37152274,1
213.7 ,0.0 ,174.7 ,154.8 ,10.2 ,1053.5 ,776.4 ,14 ,33.73 ,38.30669558,1
213.7 ,0.0 ,174.7 ,154.8 ,10.2 ,1053.5 ,776.4 ,28 ,40.15 ,39.86141471,1
213.7 ,0.0 ,174.7 ,154.8 ,10.2 ,1053.5 ,776.4 ,56 ,46.64 ,42.97824022,0
213.7 ,0.0 ,174.7 ,154.8 ,10.2 ,1053.5 ,776.4 ,100 ,50.08 ,44.56821127,0
213.5 ,0.0 ,174.2 ,154.6 ,11.7 ,1052.3 ,775.5 ,3 ,17.37 ,37.91991596,1
213.5 ,0.0 ,174.2 ,154.6 ,11.7 ,1052.3 ,775.5 ,14 ,33.70 ,38.27537367,1
213.5 ,0.0 ,174.2 ,154.6 ,11.7 ,1052.3 ,775.5 ,28 ,45.94 ,45.61164455,0
213.5 ,0.0 ,174.2 ,154.6 ,11.7 ,1052.3 ,775.5 ,56 ,51.43 ,47.39359527,0
213.5 ,0.0 ,174.2 ,154.6 ,11.7 ,1052.3 ,775.5 ,100 ,59.30 ,52.77862938,0
277.2 ,97.8 ,24.5 ,160.7 ,11.2 ,1061.7 ,782.5 ,3 ,30.45 ,66.47651802,0
277.2 ,97.8 ,24.5 ,160.7 ,11.2 ,1061.7 ,782.5 ,14 ,47.71 ,54.18690381,0
277.2 ,97.8 ,24.5 ,160.7 ,11.2 ,1061.7 ,782.5 ,28 ,63.14 ,62.69119628,0
277.2 ,97.8 ,24.5 ,160.7 ,11.2 ,1061.7 ,782.5 ,56 ,66.82 ,61.57355568,0
277.2 ,97.8 ,24.5 ,160.7 ,11.2 ,1061.7 ,782.5 ,100 ,66.95 ,59.58382644,0
218.2 ,54.6 ,123.8 ,140.8 ,11.9 ,1075.7 ,792.7 ,3 ,27.42 ,59.86800547,0
218.2 ,54.6 ,123.8 ,140.8 ,11.9 ,1075.7 ,792.7 ,14 ,35.96 ,40.83593979,0
218.2 ,54.6 ,123.8 ,140.8 ,11.9 ,1075.7 ,792.7 ,28 ,55.51 ,55.11321481,0
218.2 ,54.6 ,123.8 ,140.8 ,11.9 ,1075.7 ,792.7 ,56 ,61.99 ,57.12008245,0
218.2 ,54.6 ,123.8 ,140.8 ,11.9 ,1075.7 ,792.7 ,100 ,63.53 ,56.54020359,0
214.9 ,53.8 ,121.9 ,155.6 ,9.6 ,1014.3 ,780.6 ,3 ,18.02 ,39.33495054,1
214.9 ,53.8 ,121.9 ,155.6 ,9.6 ,1014.3 ,780.6 ,14 ,38.60 ,43.84284312,0
214.9 ,53.8 ,121.9 ,155.6 ,9.6 ,1014.3 ,780.6 ,28 ,52.20 ,51.82736919,0
214.9 ,53.8 ,121.9 ,155.6 ,9.6 ,1014.3 ,780.6 ,56 ,53.96 ,49.71880384,0
214.9 ,53.8 ,121.9 ,155.6 ,9.6 ,1014.3 ,780.6 ,100 ,56.63 ,50.40386719,0
218.9 ,0.0 ,124.1 ,158.5 ,11.3 ,1078.7 ,794.9 ,3 ,15.34 ,33.49416952,1
218.9 ,0.0 ,124.1 ,158.5 ,11.3 ,1078.7 ,794.9 ,14 ,26.05 ,29.58354373,1
218.9 ,0.0 ,124.1 ,158.5 ,11.3 ,1078.7 ,794.9 ,28 ,30.22 ,30.00387784,1
218.9 ,0.0 ,124.1 ,158.5 ,11.3 ,1078.7 ,794.9 ,56 ,37.27 ,34.33812097,1
218.9 ,0.0 ,124.1 ,158.5 ,11.3 ,1078.7 ,794.9 ,100 ,46.23 ,41.14413556,0
376.0 ,0.0 ,0.0 ,214.6 ,0.0 ,1003.5 ,762.4 ,3 ,16.28 ,35.54145359,1
376.0 ,0.0 ,0.0 ,214.6 ,0.0 ,1003.5 ,762.4 ,14 ,25.62 ,29.09805412,1
376.0 ,0.0 ,0.0 ,214.6 ,0.0 ,1003.5 ,762.4 ,28 ,31.97 ,31.74263782,1
376.0 ,0.0 ,0.0 ,214.6 ,0.0 ,1003.5 ,762.4 ,56 ,36.30 ,33.44869693,1
376.0 ,0.0 ,0.0 ,214.6 ,0.0 ,1003.5 ,762.4 ,100 ,43.06 ,38.32142082,1
500.0 ,0.0 ,0.0 ,140.0 ,4.0 ,966.0 ,853.0 ,28 ,67.57 ,67.0860148,0
475.0 ,0.0 ,59.0 ,142.0 ,1.9 ,1098.0 ,641.0 ,28 ,57.23 ,56.81774723,0
315.0 ,137.0 ,0.0 ,145.0 ,5.9 ,1130.0 ,745.0 ,28 ,81.75 ,81.1672324,0
505.0 ,0.0 ,60.0 ,195.0 ,0.0 ,1030.0 ,630.0 ,28 ,64.02 ,63.56057627,0
451.0 ,0.0 ,0.0 ,165.0 ,11.3 ,1030.0 ,745.0 ,28 ,78.80 ,78.23735338,0
516.0 ,0.0 ,0.0 ,162.0 ,8.2 ,801.0 ,802.0 ,28 ,41.37 ,41.07307029,0
520.0 ,0.0 ,0.0 ,170.0 ,5.2 ,855.0 ,855.0 ,28 ,60.28 ,59.85030892,0
528.0 ,0.0 ,0.0 ,185.0 ,6.9 ,920.0 ,720.0 ,28 ,56.83 ,56.42755306,0
520.0 ,0.0 ,0.0 ,175.0 ,5.2 ,870.0 ,805.0 ,28 ,51.02 ,50.65678669,0
385.0 ,0.0 ,136.0 ,158.0 ,20.0 ,903.0 ,768.0 ,28 ,55.55 ,55.15428788,0
500.1 ,0.0 ,0.0 ,200.0 ,3.0 ,1124.4 ,613.2 ,28 ,44.13 ,43.81812048,0
450.1 ,50.0 ,0.0 ,200.0 ,3.0 ,1124.4 ,613.2 ,28 ,39.38 ,39.0947174,1
397.0 ,17.2 ,158.0 ,167.0 ,20.8 ,967.0 ,633.0 ,28 ,55.65 ,55.25012505,0
333.0 ,17.5 ,163.0 ,167.0 ,17.9 ,996.0 ,652.0 ,28 ,47.28 ,46.93967382,0
334.0 ,17.6 ,158.0 ,189.0 ,15.3 ,967.0 ,633.0 ,28 ,44.33 ,44.00979481,0
405.0 ,0.0 ,0.0 ,175.0 ,0.0 ,1120.0 ,695.0 ,28 ,52.30 ,51.93005186,0
200.0 ,200.0 ,0.0 ,190.0 ,0.0 ,1145.0 ,660.0 ,28 ,49.25 ,48.89749018,0
516.0 ,0.0 ,0.0 ,162.0 ,8.3 ,801.0 ,802.0 ,28 ,41.37 ,41.07307029,0
145.0 ,116.0 ,119.0 ,184.0 ,5.7 ,833.0 ,880.0 ,28 ,29.16 ,28.94966904,1
160.0 ,128.0 ,122.0 ,182.0 ,6.4 ,824.0 ,879.0 ,28 ,39.40 ,39.11525394,1
234.0 ,156.0 ,0.0 ,189.0 ,5.9 ,981.0 ,760.0 ,28 ,39.30 ,39.01941677,1
250.0 ,180.0 ,95.0 ,159.0 ,9.5 ,860.0 ,800.0 ,28 ,67.87 ,67.3803718,0
475.0 ,0.0 ,0.0 ,162.0 ,9.5 ,1044.0 ,662.0 ,28 ,58.52 ,58.10470343,0
285.0 ,190.0 ,0.0 ,163.0 ,7.6 ,1031.0 ,685.0 ,28 ,53.58 ,53.19647153,0
356.0 ,119.0 ,0.0 ,160.0 ,9.0 ,1061.0 ,657.0 ,28 ,59.00 ,58.57704374,0
275.0 ,180.0 ,120.0 ,162.0 ,10.4 ,830.0 ,765.0 ,28 ,76.24 ,75.69082302,0
500.0 ,0.0 ,0.0 ,151.0 ,9.0 ,1033.0 ,655.0 ,28 ,69.84 ,69.33818815,0
165.0 ,0.0 ,143.6 ,163.8 ,0.0 ,1005.6 ,900.9 ,3 ,14.40 ,31.43183189,1
165.0 ,128.5 ,132.1 ,175.1 ,8.1 ,1005.8 ,746.6 ,3 ,19.42 ,42.39082308,0
178.0 ,129.8 ,118.6 ,179.9 ,3.6 ,1007.3 ,746.8 ,3 ,20.73 ,45.25099936,0
167.4 ,129.9 ,128.6 ,175.5 ,7.8 ,1006.3 ,746.6 ,3 ,14.94 ,32.62106308,1
172.4 ,13.6 ,172.4 ,156.8 ,4.1 ,1006.3 ,856.4 ,3 ,21.29 ,46.48539122,0
173.5 ,50.1 ,173.5 ,164.8 ,6.5 ,1006.2 ,793.5 ,3 ,23.08 ,50.38426309,0
167.0 ,75.4 ,167.0 ,164.0 ,7.9 ,1007.3 ,770.1 ,3 ,15.52 ,33.88556206,1
173.8 ,93.4 ,159.9 ,172.3 ,9.7 ,1007.2 ,746.6 ,3 ,15.82 ,34.53286511,1
190.3 ,0.0 ,125.2 ,166.6 ,9.9 ,1079.0 ,798.9 ,3 ,12.55 ,27.39747799,1
250.0 ,0.0 ,95.7 ,191.8 ,5.3 ,948.9 ,857.2 ,3 ,8.49 ,18.53093154,1
213.5 ,0.0 ,174.2 ,159.2 ,11.7 ,1043.6 ,771.9 ,3 ,15.61 ,34.08125833,1
194.7 ,0.0 ,100.5 ,170.2 ,7.5 ,998.0 ,901.8 ,3 ,12.18 ,26.58458578,1
251.4 ,0.0 ,118.3 ,192.9 ,5.8 ,1043.6 ,754.3 ,3 ,11.98 ,26.16308612,1
165.0 ,0.0 ,143.6 ,163.8 ,0.0 ,1005.6 ,900.9 ,14 ,16.88 ,19.16900875,1
165.0 ,128.5 ,132.1 ,175.1 ,8.1 ,1005.8 ,746.6 ,14 ,33.09 ,37.57846118,1
178.0 ,129.8 ,118.6 ,179.9 ,3.6 ,1007.3 ,746.8 ,14 ,34.24 ,38.88615091,1
167.4 ,129.9 ,128.6 ,175.5 ,7.8 ,1006.3 ,746.6 ,14 ,31.81 ,36.12982286,1
172.4 ,13.6 ,172.4 ,156.8 ,4.1 ,1006.3 ,856.4 ,14 ,29.75 ,33.7885101,1
173.5 ,50.1 ,173.5 ,164.8 ,6.5 ,1006.2 ,793.5 ,14 ,33.01 ,37.48449545,1
167.0 ,75.4 ,167.0 ,164.0 ,7.9 ,1007.3 ,770.1 ,14 ,32.90 ,37.36703829,1
173.8 ,93.4 ,159.9 ,172.3 ,9.7 ,1007.2 ,746.6 ,14 ,29.55 ,33.56142626,1
190.3 ,0.0 ,125.2 ,166.6 ,9.9 ,1079.0 ,798.9 ,14 ,19.42 ,22.05062444,1
250.0 ,0.0 ,95.7 ,191.8 ,5.3 ,948.9 ,857.2 ,14 ,24.66 ,28.00178728,1
213.5 ,0.0 ,174.2 ,159.2 ,11.7 ,1043.6 ,771.9 ,14 ,29.59 ,33.60840912,1
194.7 ,0.0 ,100.5 ,170.2 ,7.5 ,998.0 ,901.8 ,14 ,24.28 ,27.5789415,1
251.4 ,0.0 ,118.3 ,192.9 ,5.8 ,1043.6 ,754.3 ,14 ,20.73 ,23.53841515,1
165.0 ,0.0 ,143.6 ,163.8 ,0.0 ,1005.6 ,900.9 ,28 ,26.20 ,26.01294451,1
165.0 ,128.5 ,132.1 ,175.1 ,8.1 ,1005.8 ,746.6 ,28 ,46.39 ,46.05660281,0
178.0 ,129.8 ,118.6 ,179.9 ,3.6 ,1007.3 ,746.8 ,28 ,39.16 ,38.88250654,1
167.4 ,129.9 ,128.6 ,175.5 ,7.8 ,1006.3 ,746.6 ,28 ,41.20 ,40.908778,0
172.4 ,13.6 ,172.4 ,156.8 ,4.1 ,1006.3 ,856.4 ,28 ,33.69 ,33.44717024,1
173.5 ,50.1 ,173.5 ,164.8 ,6.5 ,1006.2 ,793.5 ,28 ,38.20 ,37.93098041,1
167.0 ,75.4 ,167.0 ,164.0 ,7.9 ,1007.3 ,770.1 ,28 ,41.41 ,41.11414336,0
173.8 ,93.4 ,159.9 ,172.3 ,9.7 ,1007.2 ,746.6 ,28 ,37.81 ,37.54078624,1
190.3 ,0.0 ,125.2 ,166.6 ,9.9 ,1079.0 ,798.9 ,28 ,24.85 ,24.67122422,1
250.0 ,0.0 ,95.7 ,191.8 ,5.3 ,948.9 ,857.2 ,28 ,27.22 ,27.02608025,1
213.5 ,0.0 ,174.2 ,159.2 ,11.7 ,1043.6 ,771.9 ,28 ,44.64 ,44.31784284,0
194.7 ,0.0 ,100.5 ,170.2 ,7.5 ,998.0 ,901.8 ,28 ,37.27 ,36.99999082,1
251.4 ,0.0 ,118.3 ,192.9 ,5.8 ,1043.6 ,754.3 ,28 ,33.27 ,33.03643953,1
165.0 ,0.0 ,143.6 ,163.8 ,0.0 ,1005.6 ,900.9 ,56 ,36.56 ,33.69011203,1
165.0 ,128.5 ,132.1 ,175.1 ,8.1 ,1005.8 ,746.6 ,56 ,53.72 ,49.50280085,0
178.0 ,129.8 ,118.6 ,179.9 ,3.6 ,1007.3 ,746.8 ,56 ,48.59 ,44.76979436,0
167.4 ,129.9 ,128.6 ,175.5 ,7.8 ,1006.3 ,746.6 ,56 ,51.72 ,47.66042249,0
172.4 ,13.6 ,172.4 ,156.8 ,4.1 ,1006.3 ,856.4 ,56 ,35.85 ,33.03575006,1
173.5 ,50.1 ,173.5 ,164.8 ,6.5 ,1006.2 ,793.5 ,56 ,53.77 ,49.54727206,0
167.0 ,75.4 ,167.0 ,164.0 ,7.9 ,1007.3 ,770.1 ,56 ,53.46 ,49.26138576,0
173.8 ,93.4 ,159.9 ,172.3 ,9.7 ,1007.2 ,746.6 ,56 ,48.99 ,45.13827003,0
190.3 ,0.0 ,125.2 ,166.6 ,9.9 ,1079.0 ,798.9 ,56 ,31.72 ,29.22393274,1
250.0 ,0.0 ,95.7 ,191.8 ,5.3 ,948.9 ,857.2 ,56 ,39.64 ,36.52991593,1
213.5 ,0.0 ,174.2 ,159.2 ,11.7 ,1043.6 ,771.9 ,56 ,51.26 ,47.22841652,0
194.7 ,0.0 ,100.5 ,170.2 ,7.5 ,998.0 ,901.8 ,56 ,43.39 ,39.9796106,1
251.4 ,0.0 ,118.3 ,192.9 ,5.8 ,1043.6 ,754.3 ,56 ,39.27 ,36.18049934,1
165.0 ,0.0 ,143.6 ,163.8 ,0.0 ,1005.6 ,900.9 ,100 ,37.96 ,33.78053188,1
165.0 ,128.5 ,132.1 ,175.1 ,8.1 ,1005.8 ,746.6 ,100 ,55.02 ,48.96796447,0
178.0 ,129.8 ,118.6 ,179.9 ,3.6 ,1007.3 ,746.8 ,100 ,49.99 ,44.49457524,0
167.4 ,129.9 ,128.6 ,175.5 ,7.8 ,1006.3 ,746.6 ,100 ,53.66 ,47.75296986,0
172.4 ,13.6 ,172.4 ,156.8 ,4.1 ,1006.3 ,856.4 ,100 ,37.68 ,33.53507843,1
173.5 ,50.1 ,173.5 ,164.8 ,6.5 ,1006.2 ,793.5 ,100 ,56.06 ,49.89455127,0
167.0 ,75.4 ,167.0 ,164.0 ,7.9 ,1007.3 ,770.1 ,100 ,56.81 ,50.56341194,0
173.8 ,93.4 ,159.9 ,172.3 ,9.7 ,1007.2 ,746.6 ,100 ,50.94 ,45.33525332,0
190.3 ,0.0 ,125.2 ,166.6 ,9.9 ,1079.0 ,798.9 ,100 ,33.56 ,29.8716856,1
250.0 ,0.0 ,95.7 ,191.8 ,5.3 ,948.9 ,857.2 ,100 ,41.16 ,36.63392831,1
213.5 ,0.0 ,174.2 ,159.2 ,11.7 ,1043.6 ,771.9 ,100 ,52.96 ,47.13319989,0
194.7 ,0.0 ,100.5 ,170.2 ,7.5 ,998.0 ,901.8 ,100 ,44.28 ,39.40755236,1
251.4 ,0.0 ,118.3 ,192.9 ,5.8 ,1043.6 ,754.3 ,100 ,40.15 ,35.73188686,1
446.0 ,24.0 ,79.0 ,162.0 ,11.6 ,967.0 ,712.0 ,28 ,57.03 ,56.61922739,0
446.0 ,24.0 ,79.0 ,162.0 ,11.6 ,967.0 ,712.0 ,28 ,44.42 ,44.10563198,0
446.0 ,24.0 ,79.0 ,162.0 ,11.6 ,967.0 ,712.0 ,28 ,51.02 ,50.65678669,0
446.0 ,24.0 ,79.0 ,162.0 ,10.3 ,967.0 ,712.0 ,28 ,53.39 ,53.0047972,0
446.0 ,24.0 ,79.0 ,162.0 ,11.6 ,967.0 ,712.0 ,3 ,35.36 ,77.20970582,0
446.0 ,24.0 ,79.0 ,162.0 ,11.6 ,967.0 ,712.0 ,3 ,25.02 ,54.62936682,0
446.0 ,24.0 ,79.0 ,162.0 ,11.6 ,967.0 ,712.0 ,3 ,23.35 ,50.9713519,0
446.0 ,24.0 ,79.0 ,162.0 ,11.6 ,967.0 ,712.0 ,7 ,52.01 ,73.92448401,0
446.0 ,24.0 ,79.0 ,162.0 ,11.6 ,967.0 ,712.0 ,7 ,38.02 ,54.03945444,0
446.0 ,24.0 ,79.0 ,162.0 ,11.6 ,967.0 ,712.0 ,7 ,39.30 ,55.86233049,0
446.0 ,24.0 ,79.0 ,162.0 ,11.6 ,967.0 ,712.0 ,56 ,61.07 ,56.26877659,0
446.0 ,24.0 ,79.0 ,162.0 ,11.6 ,967.0 ,712.0 ,56 ,56.14 ,51.73271398,0
446.0 ,24.0 ,79.0 ,162.0 ,11.6 ,967.0 ,712.0 ,56 ,55.25 ,50.91317326,0
446.0 ,24.0 ,79.0 ,162.0 ,10.3 ,967.0 ,712.0 ,56 ,54.77 ,50.46210821,0
387.0 ,20.0 ,94.0 ,157.0 ,14.3 ,938.0 ,845.0 ,28 ,50.24 ,49.87639835,0
387.0 ,20.0 ,94.0 ,157.0 ,13.9 ,938.0 ,845.0 ,28 ,46.68 ,46.35095982,0
387.0 ,20.0 ,94.0 ,157.0 ,11.6 ,938.0 ,845.0 ,28 ,46.68 ,46.35095982,0
387.0 ,20.0 ,94.0 ,157.0 ,14.3 ,938.0 ,845.0 ,3 ,22.75 ,49.6767458,0
387.0 ,20.0 ,94.0 ,157.0 ,13.9 ,938.0 ,845.0 ,3 ,25.51 ,55.69816953,0
387.0 ,20.0 ,94.0 ,157.0 ,11.6 ,938.0 ,845.0 ,3 ,34.77 ,75.91509972,0
387.0 ,20.0 ,94.0 ,157.0 ,14.3 ,938.0 ,845.0 ,7 ,36.84 ,52.36358452,0
387.0 ,20.0 ,94.0 ,157.0 ,13.9 ,938.0 ,845.0 ,7 ,45.90 ,65.24132176,0
387.0 ,20.0 ,94.0 ,157.0 ,11.6 ,938.0 ,845.0 ,7 ,41.67 ,59.22387072,0
387.0 ,20.0 ,94.0 ,157.0 ,14.3 ,938.0 ,845.0 ,56 ,56.34 ,51.91059879,0
387.0 ,20.0 ,94.0 ,157.0 ,13.9 ,938.0 ,845.0 ,56 ,47.97 ,44.19802176,0
387.0 ,20.0 ,94.0 ,157.0 ,11.6 ,938.0 ,845.0 ,56 ,61.46 ,56.63089923,0
355.0 ,19.0 ,97.0 ,145.0 ,13.1 ,967.0 ,871.0 ,28 ,44.03 ,43.71543781,0
355.0 ,19.0 ,97.0 ,145.0 ,12.3 ,967.0 ,871.0 ,28 ,55.45 ,55.05845072,0
491.0 ,26.0 ,123.0 ,210.0 ,3.9 ,882.0 ,699.0 ,28 ,55.55 ,55.15428788,0
491.0 ,26.0 ,123.0 ,201.0 ,3.9 ,822.0 ,699.0 ,28 ,57.92 ,57.5022984,0
491.0 ,26.0 ,123.0 ,210.0 ,3.9 ,882.0 ,699.0 ,3 ,25.61 ,55.91322038,0
491.0 ,26.0 ,123.0 ,210.0 ,3.9 ,882.0 ,699.0 ,7 ,33.49 ,47.60198588,0
491.0 ,26.0 ,123.0 ,210.0 ,3.9 ,882.0 ,699.0 ,56 ,59.59 ,54.90832084,0
491.0 ,26.0 ,123.0 ,201.0 ,3.9 ,822.0 ,699.0 ,3 ,29.55 ,64.51525429,0
491.0 ,26.0 ,123.0 ,201.0 ,3.9 ,822.0 ,699.0 ,7 ,37.92 ,53.90224871,0
491.0 ,26.0 ,123.0 ,201.0 ,3.9 ,822.0 ,699.0 ,56 ,61.86 ,56.9957446,0
424.0 ,22.0 ,132.0 ,178.0 ,8.5 ,822.0 ,750.0 ,28 ,62.05 ,61.60960543,0
424.0 ,22.0 ,132.0 ,178.0 ,8.5 ,882.0 ,750.0 ,3 ,32.01 ,69.89152548,0
424.0 ,22.0 ,132.0 ,168.0 ,8.9 ,822.0 ,750.0 ,28 ,72.10 ,71.583516,0
424.0 ,22.0 ,132.0 ,178.0 ,8.5 ,822.0 ,750.0 ,7 ,39.00 ,55.44231296,0
424.0 ,22.0 ,132.0 ,178.0 ,8.5 ,822.0 ,750.0 ,56 ,65.70 ,60.53528926,0
424.0 ,22.0 ,132.0 ,168.0 ,8.9 ,822.0 ,750.0 ,3 ,32.11 ,70.10657632,0
424.0 ,22.0 ,132.0 ,168.0 ,8.9 ,822.0 ,750.0 ,7 ,40.29 ,57.2623889,0
424.0 ,22.0 ,132.0 ,168.0 ,8.9 ,822.0 ,750.0 ,56 ,74.36 ,68.52195413,0
202.0 ,11.0 ,141.0 ,206.0 ,1.7 ,942.0 ,801.0 ,28 ,21.97 ,21.80980032,1
202.0 ,11.0 ,141.0 ,206.0 ,1.7 ,942.0 ,801.0 ,3 ,9.85 ,21.50508477,1
202.0 ,11.0 ,141.0 ,206.0 ,1.7 ,942.0 ,801.0 ,7 ,15.07 ,21.42089365,1
202.0 ,11.0 ,141.0 ,206.0 ,1.7 ,942.0 ,801.0 ,56 ,23.25 ,21.418783,1
284.0 ,15.0 ,141.0 ,179.0 ,5.5 ,842.0 ,801.0 ,28 ,43.73 ,43.4210808,0
284.0 ,15.0 ,141.0 ,179.0 ,5.5 ,842.0 ,801.0 ,3 ,13.40 ,29.24691528,1
284.0 ,15.0 ,141.0 ,179.0 ,5.5 ,842.0 ,801.0 ,7 ,24.13 ,34.301431,1
284.0 ,15.0 ,141.0 ,179.0 ,5.5 ,842.0 ,801.0 ,56 ,44.52 ,41.02241491,0
359.0 ,19.0 ,141.0 ,154.0 ,10.9 ,942.0 ,801.0 ,28 ,62.94 ,62.48583093,0
359.0 ,19.0 ,141.0 ,154.0 ,10.9 ,942.0 ,801.0 ,28 ,59.49 ,59.06992058,0
359.0 ,19.0 ,141.0 ,154.0 ,10.9 ,942.0 ,801.0 ,3 ,25.12 ,54.83796615,0
359.0 ,19.0 ,141.0 ,154.0 ,10.9 ,942.0 ,801.0 ,3 ,23.64 ,51.61220344,0
359.0 ,19.0 ,141.0 ,154.0 ,10.9 ,942.0 ,801.0 ,7 ,35.75 ,50.82212022,0
359.0 ,19.0 ,141.0 ,154.0 ,10.9 ,942.0 ,801.0 ,7 ,38.61 ,54.8822896,0
359.0 ,19.0 ,141.0 ,154.0 ,10.9 ,942.0 ,801.0 ,56 ,68.75 ,63.34877346,0
359.0 ,19.0 ,141.0 ,154.0 ,10.9 ,942.0 ,801.0 ,56 ,66.78 ,61.53362236,0
436.0 ,0.0 ,0.0 ,218.0 ,0.0 ,838.4 ,719.7 ,28 ,23.85 ,23.67862502,1
289.0 ,0.0 ,0.0 ,192.0 ,0.0 ,913.2 ,895.3 ,90 ,32.07 ,28.68323964,1
289.0 ,0.0 ,0.0 ,192.0 ,0.0 ,913.2 ,895.3 ,3 ,11.65 ,25.4465367,1
393.0 ,0.0 ,0.0 ,192.0 ,0.0 ,940.6 ,785.6 ,3 ,19.20 ,41.91814132,0
393.0 ,0.0 ,0.0 ,192.0 ,0.0 ,940.6 ,785.6 ,90 ,48.85 ,43.69058493,0
393.0 ,0.0 ,0.0 ,192.0 ,0.0 ,940.6 ,785.6 ,28 ,39.60 ,39.32198839,1
480.0 ,0.0 ,0.0 ,192.0 ,0.0 ,936.2 ,712.2 ,28 ,43.94 ,43.62849981,0
480.0 ,0.0 ,0.0 ,192.0 ,0.0 ,936.2 ,712.2 ,7 ,34.57 ,49.13826997,0
480.0 ,0.0 ,0.0 ,192.0 ,0.0 ,936.2 ,712.2 ,90 ,54.32 ,48.58223329,0
480.0 ,0.0 ,0.0 ,192.0 ,0.0 ,936.2 ,712.2 ,3 ,24.40 ,53.28357862,0
333.0 ,0.0 ,0.0 ,192.0 ,0.0 ,931.2 ,842.6 ,3 ,15.62 ,34.09480653,1
255.0 ,0.0 ,0.0 ,192.0 ,0.0 ,889.8 ,945.0 ,90 ,21.86 ,19.55179269,1
255.0 ,0.0 ,0.0 ,192.0 ,0.0 ,889.8 ,945.0 ,7 ,10.22 ,14.53008617,1
289.0 ,0.0 ,0.0 ,192.0 ,0.0 ,913.2 ,895.3 ,7 ,14.60 ,20.74844559,1
255.0 ,0.0 ,0.0 ,192.0 ,0.0 ,889.8 ,945.0 ,28 ,18.75 ,18.6122618,1
333.0 ,0.0 ,0.0 ,192.0 ,0.0 ,931.2 ,842.6 ,28 ,31.97 ,31.73853051,1
333.0 ,0.0 ,0.0 ,192.0 ,0.0 ,931.2 ,842.6 ,7 ,23.40 ,33.26846791,1
289.0 ,0.0 ,0.0 ,192.0 ,0.0 ,913.2 ,895.3 ,28 ,25.57 ,25.3906875,1
333.0 ,0.0 ,0.0 ,192.0 ,0.0 ,931.2 ,842.6 ,90 ,41.68 ,37.28062615,1
393.0 ,0.0 ,0.0 ,192.0 ,0.0 ,940.6 ,785.6 ,7 ,27.74 ,39.43390512,1
255.0 ,0.0 ,0.0 ,192.0 ,0.0 ,889.8 ,945.0 ,3 ,8.20 ,17.91223025,1
158.8 ,238.2 ,0.0 ,185.7 ,0.0 ,1040.6 ,734.3 ,7 ,9.62 ,13.67059031,1
239.6 ,359.4 ,0.0 ,185.7 ,0.0 ,941.6 ,664.3 ,7 ,25.42 ,36.13606754,1
238.2 ,158.8 ,0.0 ,185.7 ,0.0 ,1040.6 ,734.3 ,7 ,15.69 ,22.30377048,1
181.9 ,272.8 ,0.0 ,185.7 ,0.0 ,1012.4 ,714.3 ,28 ,27.94 ,27.73595981,1
193.5 ,290.2 ,0.0 ,185.7 ,0.0 ,998.2 ,704.3 ,28 ,32.63 ,32.39364598,1
255.5 ,170.3 ,0.0 ,185.7 ,0.0 ,1026.6 ,724.3 ,7 ,17.24 ,24.5000421,1
272.8 ,181.9 ,0.0 ,185.7 ,0.0 ,1012.4 ,714.3 ,7 ,19.77 ,28.09483207,1
239.6 ,359.4 ,0.0 ,185.7 ,0.0 ,941.6 ,664.3 ,28 ,39.44 ,39.1535888,1
220.8 ,147.2 ,0.0 ,185.7 ,0.0 ,1055.0 ,744.3 ,28 ,25.75 ,25.56114074,1
397.0 ,0.0 ,0.0 ,185.7 ,0.0 ,1040.6 ,734.3 ,28 ,33.08 ,32.84613431,1
382.5 ,0.0 ,0.0 ,185.7 ,0.0 ,1047.8 ,739.3 ,7 ,24.07 ,34.20734707,1
210.7 ,316.1 ,0.0 ,185.7 ,0.0 ,977.0 ,689.3 ,7 ,21.82 ,31.01535391,1
158.8 ,238.2 ,0.0 ,185.7 ,0.0 ,1040.6 ,734.3 ,28 ,21.07 ,20.91577649,1
295.8 ,0.0 ,0.0 ,185.7 ,0.0 ,1091.4 ,769.3 ,7 ,14.84 ,21.09930023,1
255.5 ,170.3 ,0.0 ,185.7 ,0.0 ,1026.6 ,724.3 ,28 ,32.05 ,31.82273031,1
203.5 ,135.7 ,0.0 ,185.7 ,0.0 ,1076.2 ,759.3 ,7 ,11.96 ,16.99684908,1
397.0 ,0.0 ,0.0 ,185.7 ,0.0 ,1040.6 ,734.3 ,7 ,25.45 ,36.17232905,1
381.4 ,0.0 ,0.0 ,185.7 ,0.0 ,1104.6 ,784.3 ,28 ,22.49 ,22.32869011,1
295.8 ,0.0 ,0.0 ,185.7 ,0.0 ,1091.4 ,769.3 ,28 ,25.22 ,25.03677454,1
228.0 ,342.1 ,0.0 ,185.7 ,0.0 ,955.8 ,674.3 ,28 ,39.70 ,39.4157719,1
220.8 ,147.2 ,0.0 ,185.7 ,0.0 ,1055.0 ,744.3 ,7 ,13.09 ,18.60509617,1
316.1 ,210.7 ,0.0 ,185.7 ,0.0 ,977.0 ,689.3 ,28 ,38.70 ,38.42385725,1
135.7 ,203.5 ,0.0 ,185.7 ,0.0 ,1076.2 ,759.3 ,7 ,7.51 ,10.67068516,1
238.1 ,0.0 ,0.0 ,185.7 ,0.0 ,1118.8 ,789.3 ,28 ,17.58 ,17.45057846,1
339.2 ,0.0 ,0.0 ,185.7 ,0.0 ,1069.2 ,754.3 ,7 ,21.18 ,30.10489593,1
135.7 ,203.5 ,0.0 ,185.7 ,0.0 ,1076.2 ,759.3 ,28 ,18.20 ,18.06872817,1
193.5 ,290.2 ,0.0 ,185.7 ,0.0 ,998.2 ,704.3 ,7 ,17.20 ,24.44907998,1
203.5 ,135.7 ,0.0 ,185.7 ,0.0 ,1076.2 ,759.3 ,28 ,22.63 ,22.46833855,1
290.2 ,193.5 ,0.0 ,185.7 ,0.0 ,998.2 ,704.3 ,7 ,21.86 ,31.07121624,1
181.9 ,272.8 ,0.0 ,185.7 ,0.0 ,1012.4 ,714.3 ,7 ,12.37 ,17.58683369,1
170.3 ,155.5 ,0.0 ,185.7 ,0.0 ,1026.6 ,724.3 ,28 ,25.73 ,25.54265786,1
210.7 ,316.1 ,0.0 ,185.7 ,0.0 ,977.0 ,689.3 ,28 ,37.81 ,37.54352445,1
228.0 ,342.1 ,0.0 ,185.7 ,0.0 ,955.8 ,674.3 ,7 ,21.92 ,31.15353968,1
290.2 ,193.5 ,0.0 ,185.7 ,0.0 ,998.2 ,704.3 ,28 ,33.04 ,32.80711489,1
381.4 ,0.0 ,0.0 ,185.7 ,0.0 ,1104.6 ,784.3 ,7 ,14.54 ,20.66906228,1
238.2 ,158.8 ,0.0 ,185.7 ,0.0 ,1040.6 ,734.3 ,28 ,26.91 ,26.72145498,1
186.2 ,124.1 ,0.0 ,185.7 ,0.0 ,1083.4 ,764.3 ,7 ,8.00 ,11.36553415,1
339.2 ,0.0 ,0.0 ,185.7 ,0.0 ,1069.2 ,754.3 ,28 ,31.90 ,31.67212905,1
238.1 ,0.0 ,0.0 ,185.7 ,0.0 ,1118.8 ,789.3 ,7 ,10.34 ,14.69179292,1
252.5 ,0.0 ,0.0 ,185.7 ,0.0 ,1111.6 ,784.3 ,28 ,19.77 ,19.62402843,1
382.5 ,0.0 ,0.0 ,185.7 ,0.0 ,1047.8 ,739.3 ,28 ,37.44 ,37.17044406,1
252.5 ,0.0 ,0.0 ,185.7 ,0.0 ,1111.6 ,784.3 ,7 ,11.48 ,16.32356099,1
316.1 ,210.7 ,0.0 ,185.7 ,0.0 ,977.0 ,689.3 ,7 ,24.44 ,34.73656915,1
186.2 ,124.1 ,0.0 ,185.7 ,0.0 ,1083.4 ,764.3 ,28 ,17.60 ,17.471115,1
170.3 ,155.5 ,0.0 ,185.7 ,0.0 ,1026.6 ,724.3 ,7 ,10.73 ,15.2523763,1
272.8 ,181.9 ,0.0 ,185.7 ,0.0 ,1012.4 ,714.3 ,28 ,31.38 ,31.15734657,1
339.0 ,0.0 ,0.0 ,197.0 ,0.0 ,968.0 ,781.0 ,3 ,13.22 ,28.8727268,1
339.0 ,0.0 ,0.0 ,197.0 ,0.0 ,968.0 ,781.0 ,7 ,20.97 ,29.80304333,1
339.0 ,0.0 ,0.0 ,197.0 ,0.0 ,968.0 ,781.0 ,14 ,27.04 ,30.71113247,1
339.0 ,0.0 ,0.0 ,197.0 ,0.0 ,968.0 ,781.0 ,28 ,32.04 ,31.81109294,1
339.0 ,0.0 ,0.0 ,197.0 ,0.0 ,968.0 ,781.0 ,90 ,35.17 ,31.45776385,1
339.0 ,0.0 ,0.0 ,197.0 ,0.0 ,968.0 ,781.0 ,180 ,36.45 ,31.78875063,1
339.0 ,0.0 ,0.0 ,197.0 ,0.0 ,968.0 ,781.0 ,365 ,38.89 ,33.48556838,1
236.0 ,0.0 ,0.0 ,194.0 ,0.0 ,968.0 ,885.0 ,3 ,6.47 ,14.12023865,1
236.0 ,0.0 ,0.0 ,194.0 ,0.0 ,968.0 ,885.0 ,14 ,12.84 ,14.58034897,1
236.0 ,0.0 ,0.0 ,194.0 ,0.0 ,968.0 ,885.0 ,28 ,18.42 ,18.28436179,1
236.0 ,0.0 ,0.0 ,194.0 ,0.0 ,968.0 ,885.0 ,90 ,21.95 ,19.62949663,1
236.0 ,0.0 ,0.0 ,193.0 ,0.0 ,968.0 ,885.0 ,180 ,24.10 ,21.02411506,1
236.0 ,0.0 ,0.0 ,193.0 ,0.0 ,968.0 ,885.0 ,365 ,25.08 ,21.59555004,1
277.0 ,0.0 ,0.0 ,191.0 ,0.0 ,968.0 ,856.0 ,14 ,21.26 ,24.14919239,1
277.0 ,0.0 ,0.0 ,191.0 ,0.0 ,968.0 ,856.0 ,28 ,25.97 ,25.78019712,1
277.0 ,0.0 ,0.0 ,191.0 ,0.0 ,968.0 ,856.0 ,3 ,11.36 ,24.80826578,1
277.0 ,0.0 ,0.0 ,191.0 ,0.0 ,968.0 ,856.0 ,90 ,31.25 ,27.95491933,1
277.0 ,0.0 ,0.0 ,191.0 ,0.0 ,968.0 ,856.0 ,180 ,32.33 ,28.19853419,1
277.0 ,0.0 ,0.0 ,191.0 ,0.0 ,968.0 ,856.0 ,360 ,33.70 ,29.02081092,1
254.0 ,0.0 ,0.0 ,198.0 ,0.0 ,968.0 ,863.0 ,3 ,9.31 ,20.3223051,1
254.0 ,0.0 ,0.0 ,198.0 ,0.0 ,968.0 ,863.0 ,90 ,26.94 ,24.10055697,1
254.0 ,0.0 ,0.0 ,198.0 ,0.0 ,968.0 ,863.0 ,180 ,27.63 ,24.0971479,1
254.0 ,0.0 ,0.0 ,198.0 ,0.0 ,968.0 ,863.0 ,365 ,29.79 ,25.64397366,1
307.0 ,0.0 ,0.0 ,193.0 ,0.0 ,968.0 ,812.0 ,180 ,34.49 ,30.08084197,1
307.0 ,0.0 ,0.0 ,193.0 ,0.0 ,968.0 ,812.0 ,365 ,36.15 ,31.12299859,1
307.0 ,0.0 ,0.0 ,193.0 ,0.0 ,968.0 ,812.0 ,3 ,12.54 ,27.38242443,1
307.0 ,0.0 ,0.0 ,193.0 ,0.0 ,968.0 ,812.0 ,28 ,27.53 ,27.33412828,1
307.0 ,0.0 ,0.0 ,193.0 ,0.0 ,968.0 ,812.0 ,90 ,32.92 ,29.44732844,1
236.0 ,0.0 ,0.0 ,193.0 ,0.0 ,968.0 ,885.0 ,7 ,9.99 ,14.20079243,1
200.0 ,0.0 ,0.0 ,180.0 ,0.0 ,1125.0 ,845.0 ,7 ,7.84 ,11.14306487,1
200.0 ,0.0 ,0.0 ,180.0 ,0.0 ,1125.0 ,845.0 ,28 ,12.25 ,12.1576288,1
225.0 ,0.0 ,0.0 ,181.0 ,0.0 ,1113.0 ,833.0 ,7 ,11.17 ,15.87666235,1
225.0 ,0.0 ,0.0 ,181.0 ,0.0 ,1113.0 ,833.0 ,28 ,17.34 ,17.21646196,1
325.0 ,0.0 ,0.0 ,184.0 ,0.0 ,1063.0 ,783.0 ,7 ,17.54 ,24.93224013,1
325.0 ,0.0 ,0.0 ,184.0 ,0.0 ,1063.0 ,783.0 ,28 ,30.57 ,30.35299894,1
275.0 ,0.0 ,0.0 ,183.0 ,0.0 ,1088.0 ,808.0 ,7 ,14.20 ,20.18884225,1
275.0 ,0.0 ,0.0 ,183.0 ,0.0 ,1088.0 ,808.0 ,28 ,24.50 ,24.32210312,1
300.0 ,0.0 ,0.0 ,184.0 ,0.0 ,1075.0 ,795.0 ,7 ,15.58 ,22.13912361,1
300.0 ,0.0 ,0.0 ,184.0 ,0.0 ,1075.0 ,795.0 ,28 ,26.85 ,26.65642262,1
375.0 ,0.0 ,0.0 ,186.0 ,0.0 ,1038.0 ,758.0 ,7 ,26.06 ,37.04554548,1
375.0 ,0.0 ,0.0 ,186.0 ,0.0 ,1038.0 ,758.0 ,28 ,38.21 ,37.93782592,1
400.0 ,0.0 ,0.0 ,187.0 ,0.0 ,1025.0 ,745.0 ,28 ,43.70 ,43.38685325,0
400.0 ,0.0 ,0.0 ,187.0 ,0.0 ,1025.0 ,745.0 ,7 ,30.14 ,42.84738752,0
250.0 ,0.0 ,0.0 ,182.0 ,0.0 ,1100.0 ,820.0 ,7 ,12.73 ,18.10135516,1
250.0 ,0.0 ,0.0 ,182.0 ,0.0 ,1100.0 ,820.0 ,28 ,20.87 ,20.72136396,1
350.0 ,0.0 ,0.0 ,186.0 ,0.0 ,1050.0 ,770.0 ,7 ,20.28 ,28.82300245,1
350.0 ,0.0 ,0.0 ,186.0 ,0.0 ,1050.0 ,770.0 ,28 ,34.29 ,34.04957527,1
203.5 ,305.3 ,0.0 ,203.5 ,0.0 ,963.4 ,630.0 ,7 ,19.54 ,27.77337866,1
250.2 ,166.8 ,0.0 ,203.5 ,0.0 ,977.6 ,694.1 ,90 ,47.71 ,42.67796685,0
157.0 ,236.0 ,0.0 ,192.0 ,0.0 ,935.4 ,781.2 ,90 ,43.38 ,38.79831988,1
141.3 ,212.0 ,0.0 ,203.5 ,0.0 ,971.8 ,748.5 ,28 ,29.89 ,29.67871604,1
166.8 ,250.2 ,0.0 ,203.5 ,0.0 ,975.6 ,692.6 ,3 ,6.90 ,15.07011825,1
122.6 ,183.9 ,0.0 ,203.5 ,0.0 ,958.2 ,800.1 ,90 ,33.19 ,29.68845735,1
183.9 ,122.6 ,0.0 ,203.5 ,0.0 ,959.2 ,800.0 ,3 ,4.90 ,10.7060914,1
102.0 ,153.0 ,0.0 ,192.0 ,0.0 ,887.0 ,942.0 ,3 ,4.57 ,9.966961635,1
102.0 ,153.0 ,0.0 ,192.0 ,0.0 ,887.0 ,942.0 ,90 ,25.46 ,22.77342292,1
122.6 ,183.9 ,0.0 ,203.5 ,0.0 ,958.2 ,800.1 ,28 ,24.29 ,24.11742232,1
166.8 ,250.2 ,0.0 ,203.5 ,0.0 ,975.6 ,692.6 ,28 ,33.95 ,33.70524603,1
200.0 ,133.0 ,0.0 ,192.0 ,0.0 ,965.4 ,806.2 ,3 ,11.41 ,24.92116748,1
108.3 ,162.4 ,0.0 ,203.5 ,0.0 ,938.2 ,849.0 ,28 ,20.59 ,20.44685894,1
305.3 ,203.5 ,0.0 ,203.5 ,0.0 ,965.4 ,631.0 ,7 ,25.89 ,36.8064155,1
108.3 ,162.4 ,0.0 ,203.5 ,0.0 ,938.2 ,849.0 ,90 ,29.23 ,26.14614416,1
116.0 ,173.0 ,0.0 ,192.0 ,0.0 ,909.8 ,891.9 ,90 ,31.02 ,27.74894221,1
141.3 ,212.0 ,0.0 ,203.5 ,0.0 ,971.8 ,748.5 ,7 ,10.39 ,14.77411635,1
157.0 ,236.0 ,0.0 ,192.0 ,0.0 ,935.4 ,781.2 ,28 ,33.66 ,33.4238955,1
133.0 ,200.0 ,0.0 ,192.0 ,0.0 ,927.4 ,839.2 ,28 ,27.87 ,27.67571931,1
250.2 ,166.8 ,0.0 ,203.5 ,0.0 ,977.6 ,694.1 ,7 ,19.35 ,27.50484746,1
173.0 ,116.0 ,0.0 ,192.0 ,0.0 ,946.8 ,856.8 ,7 ,11.39 ,16.19321555,1
192.0 ,288.0 ,0.0 ,192.0 ,0.0 ,929.8 ,716.1 ,3 ,12.79 ,27.92134185,1
192.0 ,288.0 ,0.0 ,192.0 ,0.0 ,929.8 ,716.1 ,28 ,39.32 ,39.04063786,1
153.0 ,102.0 ,0.0 ,192.0 ,0.0 ,888.0 ,943.1 ,3 ,4.78 ,10.44114875,1
288.0 ,192.0 ,0.0 ,192.0 ,0.0 ,932.0 ,717.8 ,3 ,16.11 ,35.17264138,1
305.3 ,203.5 ,0.0 ,203.5 ,0.0 ,965.4 ,631.0 ,28 ,43.38 ,43.06716785,0
236.0 ,157.0 ,0.0 ,192.0 ,0.0 ,972.6 ,749.1 ,7 ,20.42 ,29.01999067,1
173.0 ,116.0 ,0.0 ,192.0 ,0.0 ,946.8 ,856.8 ,3 ,6.94 ,15.15441818,1
212.0 ,141.3 ,0.0 ,203.5 ,0.0 ,973.4 ,750.0 ,7 ,15.03 ,21.36489131,1
236.0 ,157.0 ,0.0 ,192.0 ,0.0 ,972.6 ,749.1 ,3 ,13.57 ,29.61787799,1
183.9 ,122.6 ,0.0 ,203.5 ,0.0 ,959.2 ,800.0 ,90 ,32.53 ,29.09889408,1
166.8 ,250.2 ,0.0 ,203.5 ,0.0 ,975.6 ,692.6 ,7 ,15.75 ,22.38511387,1
102.0 ,153.0 ,0.0 ,192.0 ,0.0 ,887.0 ,942.0 ,7 ,7.68 ,10.91079518,1
288.0 ,192.0 ,0.0 ,192.0 ,0.0 ,932.0 ,717.8 ,28 ,38.80 ,38.52722448,1
212.0 ,141.3 ,0.0 ,203.5 ,0.0 ,973.4 ,750.0 ,28 ,33.00 ,32.76809547,1
102.0 ,153.0 ,0.0 ,192.0 ,0.0 ,887.0 ,942.0 ,28 ,17.28 ,17.15211415,1
173.0 ,116.0 ,0.0 ,192.0 ,0.0 ,946.8 ,856.8 ,28 ,24.28 ,24.10852316,1
183.9 ,122.6 ,0.0 ,203.5 ,0.0 ,959.2 ,800.0 ,28 ,24.05 ,23.87440665,1
133.0 ,200.0 ,0.0 ,192.0 ,0.0 ,927.4 ,839.2 ,90 ,36.59 ,32.72631159,1
192.0 ,288.0 ,0.0 ,192.0 ,0.0 ,929.8 ,716.1 ,90 ,50.73 ,45.3772539,0
133.0 ,200.0 ,0.0 ,192.0 ,0.0 ,927.4 ,839.2 ,7 ,13.66 ,19.42245027,1
305.3 ,203.5 ,0.0 ,203.5 ,0.0 ,965.4 ,631.0 ,3 ,14.14 ,30.88087162,1
236.0 ,157.0 ,0.0 ,192.0 ,0.0 ,972.6 ,749.1 ,90 ,47.78 ,42.73840326,0
108.3 ,162.4 ,0.0 ,203.5 ,0.0 ,938.2 ,849.0 ,3 ,2.33 ,5.091113767,1
157.0 ,236.0 ,0.0 ,192.0 ,0.0 ,935.4 ,781.2 ,7 ,16.89 ,24.00708154,1
288.0 ,192.0 ,0.0 ,192.0 ,0.0 ,932.0 ,717.8 ,7 ,23.52 ,33.43703494,1
212.0 ,141.3 ,0.0 ,203.5 ,0.0 ,973.4 ,750.0 ,3 ,6.81 ,14.86538984,1
212.0 ,141.3 ,0.0 ,203.5 ,0.0 ,973.4 ,750.0 ,90 ,39.70 ,35.50946956,1
153.0 ,102.0 ,0.0 ,192.0 ,0.0 ,888.0 ,943.1 ,28 ,17.96 ,17.83598077,1
236.0 ,157.0 ,0.0 ,192.0 ,0.0 ,972.6 ,749.1 ,28 ,32.88 ,32.64966812,1
116.0 ,173.0 ,0.0 ,192.0 ,0.0 ,909.8 ,891.9 ,28 ,22.35 ,22.18835712,1
183.9 ,122.6 ,0.0 ,203.5 ,0.0 ,959.2 ,800.0 ,7 ,10.79 ,15.3337197,1
108.3 ,162.4 ,0.0 ,203.5 ,0.0 ,938.2 ,849.0 ,7 ,7.72 ,10.978418,1
203.5 ,305.3 ,0.0 ,203.5 ,0.0 ,963.4 ,630.0 ,28 ,41.68 ,41.38659472,0
203.5 ,305.3 ,0.0 ,203.5 ,0.0 ,963.4 ,630.0 ,3 ,9.56 ,20.87627608,1
133.0 ,200.0 ,0.0 ,192.0 ,0.0 ,927.4 ,839.2 ,3 ,6.88 ,15.02947364,1
288.0 ,192.0 ,0.0 ,192.0 ,0.0 ,932.0 ,717.8 ,90 ,50.53 ,45.19347791,0
200.0 ,133.0 ,0.0 ,192.0 ,0.0 ,965.4 ,806.2 ,7 ,17.17 ,24.40007793,1
200.0 ,133.0 ,0.0 ,192.0 ,0.0 ,965.4 ,806.2 ,28 ,30.44 ,30.22224967,1
250.2 ,166.8 ,0.0 ,203.5 ,0.0 ,977.6 ,694.1 ,3 ,9.73 ,21.24659364,1
122.6 ,183.9 ,0.0 ,203.5 ,0.0 ,958.2 ,800.1 ,3 ,3.32 ,7.248288819,1
153.0 ,102.0 ,0.0 ,192.0 ,0.0 ,888.0 ,943.1 ,90 ,26.32 ,23.5442954,1
200.0 ,133.0 ,0.0 ,192.0 ,0.0 ,965.4 ,806.2 ,90 ,43.25 ,38.68546415,1
116.0 ,173.0 ,0.0 ,192.0 ,0.0 ,909.8 ,891.9 ,3 ,6.28 ,13.7122872,1
173.0 ,116.0 ,0.0 ,192.0 ,0.0 ,946.8 ,856.8 ,90 ,32.10 ,28.71407454,1
250.2 ,166.8 ,0.0 ,203.5 ,0.0 ,977.6 ,694.1 ,28 ,36.96 ,36.7001574,1
305.3 ,203.5 ,0.0 ,203.5 ,0.0 ,965.4 ,631.0 ,90 ,54.60 ,48.83569616,0
192.0 ,288.0 ,0.0 ,192.0 ,0.0 ,929.8 ,716.1 ,7 ,21.48 ,30.53317379,1
157.0 ,236.0 ,0.0 ,192.0 ,0.0 ,935.4 ,781.2 ,3 ,9.69 ,21.16680978,1
153.0 ,102.0 ,0.0 ,192.0 ,0.0 ,888.0 ,943.1 ,7 ,8.37 ,11.9035766,1
141.3 ,212.0 ,0.0 ,203.5 ,0.0 ,971.8 ,748.5 ,90 ,39.66 ,35.47555117,1
116.0 ,173.0 ,0.0 ,192.0 ,0.0 ,909.8 ,891.9 ,7 ,10.09 ,14.34191832,1
141.3 ,212.0 ,0.0 ,203.5 ,0.0 ,971.8 ,748.5 ,3 ,4.83 ,10.54050225,1
122.6 ,183.9 ,0.0 ,203.5 ,0.0 ,958.2 ,800.1 ,7 ,10.35 ,14.71825402,1
166.8 ,250.2 ,0.0 ,203.5 ,0.0 ,975.6 ,692.6 ,90 ,43.57 ,38.96667842,1
203.5 ,305.3 ,0.0 ,203.5 ,0.0 ,963.4 ,630.0 ,90 ,51.86 ,46.38925528,0
310.0 ,0.0 ,0.0 ,192.0 ,0.0 ,1012.0 ,830.0 ,3 ,11.85 ,25.87706849,1
310.0 ,0.0 ,0.0 ,192.0 ,0.0 ,1012.0 ,830.0 ,7 ,17.24 ,24.51082255,1
310.0 ,0.0 ,0.0 ,192.0 ,0.0 ,1012.0 ,830.0 ,28 ,27.83 ,27.62848528,1
310.0 ,0.0 ,0.0 ,192.0 ,0.0 ,1012.0 ,830.0 ,90 ,35.76 ,31.98812411,1
310.0 ,0.0 ,0.0 ,192.0 ,0.0 ,1012.0 ,830.0 ,120 ,38.70 ,34.18525429,1
331.0 ,0.0 ,0.0 ,192.0 ,0.0 ,1025.0 ,821.0 ,3 ,14.31 ,31.23613562,1
331.0 ,0.0 ,0.0 ,192.0 ,0.0 ,1025.0 ,821.0 ,7 ,17.44 ,24.785234,1
331.0 ,0.0 ,0.0 ,192.0 ,0.0 ,1025.0 ,821.0 ,28 ,31.74 ,31.51673593,1
331.0 ,0.0 ,0.0 ,192.0 ,0.0 ,1025.0 ,821.0 ,90 ,37.91 ,33.9122218,1
331.0 ,0.0 ,0.0 ,192.0 ,0.0 ,1025.0 ,821.0 ,120 ,39.38 ,34.78820106,1
349.0 ,0.0 ,0.0 ,192.0 ,0.0 ,1056.0 ,809.0 ,3 ,15.87 ,34.65329359,1
349.0 ,0.0 ,0.0 ,192.0 ,0.0 ,1056.0 ,809.0 ,7 ,9.01 ,12.80913438,1
349.0 ,0.0 ,0.0 ,192.0 ,0.0 ,1056.0 ,809.0 ,28 ,33.61 ,33.3650241,1
349.0 ,0.0 ,0.0 ,192.0 ,0.0 ,1056.0 ,809.0 ,90 ,40.66 ,36.36667975,1
349.0 ,0.0 ,0.0 ,192.0 ,0.0 ,1056.0 ,809.0 ,120 ,40.86 ,36.09154052,1
238.0 ,0.0 ,0.0 ,186.0 ,0.0 ,1119.0 ,789.0 ,7 ,12.05 ,17.13111468,1
238.0 ,0.0 ,0.0 ,186.0 ,0.0 ,1119.0 ,789.0 ,28 ,17.54 ,17.4149818,1
296.0 ,0.0 ,0.0 ,186.0 ,0.0 ,1090.0 ,769.0 ,7 ,18.91 ,26.8825215,1
296.0 ,0.0 ,0.0 ,186.0 ,0.0 ,1090.0 ,769.0 ,28 ,25.18 ,24.99980878,1
297.0 ,0.0 ,0.0 ,186.0 ,0.0 ,1040.0 ,734.0 ,7 ,30.96 ,44.00383577,0
480.0 ,0.0 ,0.0 ,192.0 ,0.0 ,936.0 ,721.0 ,28 ,43.89 ,43.57852757,0
480.0 ,0.0 ,0.0 ,192.0 ,0.0 ,936.0 ,721.0 ,90 ,54.28 ,48.54646481,0
397.0 ,0.0 ,0.0 ,186.0 ,0.0 ,1040.0 ,734.0 ,28 ,36.94 ,36.67140625,1
281.0 ,0.0 ,0.0 ,186.0 ,0.0 ,1104.0 ,774.0 ,7 ,14.50 ,20.61025983,1
281.0 ,0.0 ,0.0 ,185.0 ,0.0 ,1104.0 ,774.0 ,28 ,22.44 ,22.27529512,1
500.0 ,0.0 ,0.0 ,200.0 ,0.0 ,1125.0 ,613.0 ,1 ,12.64 ,61.29476114,0
500.0 ,0.0 ,0.0 ,200.0 ,0.0 ,1125.0 ,613.0 ,3 ,26.06 ,56.90245428,0
500.0 ,0.0 ,0.0 ,200.0 ,0.0 ,1125.0 ,613.0 ,7 ,33.21 ,47.20856946,0
500.0 ,0.0 ,0.0 ,200.0 ,0.0 ,1125.0 ,613.0 ,14 ,36.94 ,41.94786758,0
500.0 ,0.0 ,0.0 ,200.0 ,0.0 ,1125.0 ,613.0 ,28 ,44.09 ,43.77704741,0
540.0 ,0.0 ,0.0 ,173.0 ,0.0 ,1125.0 ,613.0 ,7 ,52.61 ,74.78691999,0
540.0 ,0.0 ,0.0 ,173.0 ,0.0 ,1125.0 ,613.0 ,14 ,59.76 ,67.87457835,0
540.0 ,0.0 ,0.0 ,173.0 ,0.0 ,1125.0 ,613.0 ,28 ,67.31 ,66.82588535,0
540.0 ,0.0 ,0.0 ,173.0 ,0.0 ,1125.0 ,613.0 ,90 ,69.66 ,62.30499669,0
540.0 ,0.0 ,0.0 ,173.0 ,0.0 ,1125.0 ,613.0 ,180 ,71.62 ,62.47096889,0
540.0 ,0.0 ,0.0 ,173.0 ,0.0 ,1125.0 ,613.0 ,270 ,74.17 ,64.1406627,0
350.0 ,0.0 ,0.0 ,203.0 ,0.0 ,974.0 ,775.0 ,7 ,18.13 ,25.76527489,1
350.0 ,0.0 ,0.0 ,203.0 ,0.0 ,974.0 ,775.0 ,14 ,22.53 ,25.59000024,1
350.0 ,0.0 ,0.0 ,203.0 ,0.0 ,974.0 ,775.0 ,28 ,27.34 ,27.14245395,1
350.0 ,0.0 ,0.0 ,203.0 ,0.0 ,974.0 ,775.0 ,56 ,29.98 ,27.62296947,1
350.0 ,0.0 ,0.0 ,203.0 ,0.0 ,974.0 ,775.0 ,90 ,31.35 ,28.04125705,1
350.0 ,0.0 ,0.0 ,203.0 ,0.0 ,974.0 ,775.0 ,180 ,32.72 ,28.54131867,1
385.0 ,0.0 ,0.0 ,186.0 ,0.0 ,966.0 ,763.0 ,1 ,6.27 ,30.39658367,1
385.0 ,0.0 ,0.0 ,186.0 ,0.0 ,966.0 ,763.0 ,3 ,14.70 ,32.0941885,1
385.0 ,0.0 ,0.0 ,186.0 ,0.0 ,966.0 ,763.0 ,7 ,23.22 ,33.00777703,1
385.0 ,0.0 ,0.0 ,186.0 ,0.0 ,966.0 ,763.0 ,14 ,27.92 ,31.71343359,1
385.0 ,0.0 ,0.0 ,186.0 ,0.0 ,966.0 ,763.0 ,28 ,31.35 ,31.12654176,1
331.0 ,0.0 ,0.0 ,192.0 ,0.0 ,978.0 ,825.0 ,180 ,39.00 ,34.0138429,1
331.0 ,0.0 ,0.0 ,192.0 ,0.0 ,978.0 ,825.0 ,360 ,41.24 ,35.51605789,1
349.0 ,0.0 ,0.0 ,192.0 ,0.0 ,1047.0 ,806.0 ,3 ,14.99 ,32.72643799,1
331.0 ,0.0 ,0.0 ,192.0 ,0.0 ,978.0 ,825.0 ,3 ,13.52 ,29.52002985,1
382.0 ,0.0 ,0.0 ,186.0 ,0.0 ,1047.0 ,739.0 ,7 ,24.00 ,34.11522323,1
382.0 ,0.0 ,0.0 ,186.0 ,0.0 ,1047.0 ,739.0 ,28 ,37.42 ,37.15743759,1
382.0 ,0.0 ,0.0 ,186.0 ,0.0 ,1111.0 ,784.0 ,7 ,11.47 ,16.29807993,1
281.0 ,0.0 ,0.0 ,186.0 ,0.0 ,1104.0 ,774.0 ,28 ,22.44 ,22.27529512,1
339.0 ,0.0 ,0.0 ,185.0 ,0.0 ,1069.0 ,754.0 ,7 ,21.16 ,30.07745478,1
339.0 ,0.0 ,0.0 ,185.0 ,0.0 ,1069.0 ,754.0 ,28 ,31.84 ,31.6125731,1
295.0 ,0.0 ,0.0 ,185.0 ,0.0 ,1069.0 ,769.0 ,7 ,14.80 ,21.03167741,1
295.0 ,0.0 ,0.0 ,185.0 ,0.0 ,1069.0 ,769.0 ,28 ,25.18 ,24.99980878,1
238.0 ,0.0 ,0.0 ,185.0 ,0.0 ,1118.0 ,789.0 ,28 ,17.54 ,17.4149818,1
296.0 ,0.0 ,0.0 ,192.0 ,0.0 ,1085.0 ,765.0 ,7 ,14.20 ,20.18884225,1
296.0 ,0.0 ,0.0 ,192.0 ,0.0 ,1085.0 ,765.0 ,28 ,21.65 ,21.49490678,1
296.0 ,0.0 ,0.0 ,192.0 ,0.0 ,1085.0 ,765.0 ,90 ,29.39 ,26.28983479,1
331.0 ,0.0 ,0.0 ,192.0 ,0.0 ,879.0 ,825.0 ,3 ,13.52 ,29.52002985,1
331.0 ,0.0 ,0.0 ,192.0 ,0.0 ,978.0 ,825.0 ,7 ,16.26 ,23.11916449,1
331.0 ,0.0 ,0.0 ,192.0 ,0.0 ,978.0 ,825.0 ,28 ,31.45 ,31.22237893,1
331.0 ,0.0 ,0.0 ,192.0 ,0.0 ,978.0 ,825.0 ,90 ,37.23 ,33.3016908,1
349.0 ,0.0 ,0.0 ,192.0 ,0.0 ,1047.0 ,806.0 ,7 ,18.13 ,25.76527489,1
349.0 ,0.0 ,0.0 ,192.0 ,0.0 ,1047.0 ,806.0 ,28 ,32.72 ,32.4887986,1
349.0 ,0.0 ,0.0 ,192.0 ,0.0 ,1047.0 ,806.0 ,90 ,39.49 ,35.31829319,1
349.0 ,0.0 ,0.0 ,192.0 ,0.0 ,1047.0 ,806.0 ,180 ,41.05 ,35.80594424,1
349.0 ,0.0 ,0.0 ,192.0 ,0.0 ,1047.0 ,806.0 ,360 ,42.13 ,36.27601366,1
302.0 ,0.0 ,0.0 ,203.0 ,0.0 ,974.0 ,817.0 ,14 ,18.13 ,20.58632516,1
302.0 ,0.0 ,0.0 ,203.0 ,0.0 ,974.0 ,817.0 ,180 ,26.74 ,23.32738625,1
525.0 ,0.0 ,0.0 ,189.0 ,0.0 ,1125.0 ,613.0 ,180 ,61.92 ,54.00960451,0
500.0 ,0.0 ,0.0 ,200.0 ,0.0 ,1125.0 ,613.0 ,90 ,47.22 ,42.2376445,0
500.0 ,0.0 ,0.0 ,200.0 ,0.0 ,1125.0 ,613.0 ,180 ,51.04 ,44.51988667,0
500.0 ,0.0 ,0.0 ,200.0 ,0.0 ,1125.0 ,613.0 ,270 ,55.16 ,47.70152474,0
540.0 ,0.0 ,0.0 ,173.0 ,0.0 ,1125.0 ,613.0 ,3 ,41.64 ,90.90844481,0
252.0 ,0.0 ,0.0 ,185.0 ,0.0 ,1111.0 ,784.0 ,7 ,13.71 ,19.49301322,1
252.0 ,0.0 ,0.0 ,185.0 ,0.0 ,1111.0 ,784.0 ,28 ,19.69 ,19.55078146,1
339.0 ,0.0 ,0.0 ,185.0 ,0.0 ,1060.0 ,754.0 ,28 ,31.65 ,31.42089877,1
393.0 ,0.0 ,0.0 ,192.0 ,0.0 ,940.0 ,758.0 ,3 ,19.11 ,41.71341291,0
393.0 ,0.0 ,0.0 ,192.0 ,0.0 ,940.0 ,758.0 ,28 ,39.58 ,39.30008275,1
393.0 ,0.0 ,0.0 ,192.0 ,0.0 ,940.0 ,758.0 ,90 ,48.79 ,43.64371589,0
382.0 ,0.0 ,0.0 ,185.0 ,0.0 ,1047.0 ,739.0 ,7 ,24.00 ,34.11522323,1
382.0 ,0.0 ,0.0 ,185.0 ,0.0 ,1047.0 ,739.0 ,28 ,37.42 ,37.15743759,1
252.0 ,0.0 ,0.0 ,186.0 ,0.0 ,1111.0 ,784.0 ,7 ,11.47 ,16.29807993,1
252.0 ,0.0 ,0.0 ,185.0 ,0.0 ,1111.0 ,784.0 ,28 ,19.69 ,19.55078146,1
310.0 ,0.0 ,0.0 ,192.0 ,0.0 ,970.0 ,850.0 ,7 ,14.99 ,21.30608886,1
310.0 ,0.0 ,0.0 ,192.0 ,0.0 ,970.0 ,850.0 ,28 ,27.92 ,27.72432244,1
310.0 ,0.0 ,0.0 ,192.0 ,0.0 ,970.0 ,850.0 ,90 ,34.68 ,31.01990828,1
310.0 ,0.0 ,0.0 ,192.0 ,0.0 ,970.0 ,850.0 ,180 ,37.33 ,32.55851228,1
310.0 ,0.0 ,0.0 ,192.0 ,0.0 ,970.0 ,850.0 ,360 ,38.11 ,32.82058977,1
525.0 ,0.0 ,0.0 ,189.0 ,0.0 ,1125.0 ,613.0 ,3 ,33.80 ,73.79254785,0
525.0 ,0.0 ,0.0 ,189.0 ,0.0 ,1125.0 ,613.0 ,7 ,42.42 ,60.3019157,0
525.0 ,0.0 ,0.0 ,189.0 ,0.0 ,1125.0 ,613.0 ,14 ,48.40 ,54.96995155,0
525.0 ,0.0 ,0.0 ,189.0 ,0.0 ,1125.0 ,613.0 ,28 ,55.94 ,55.54448205,0
525.0 ,0.0 ,0.0 ,189.0 ,0.0 ,1125.0 ,613.0 ,90 ,58.78 ,52.57966959,0
525.0 ,0.0 ,0.0 ,189.0 ,0.0 ,1125.0 ,613.0 ,270 ,67.11 ,58.04083023,0
322.0 ,0.0 ,0.0 ,203.0 ,0.0 ,974.0 ,800.0 ,14 ,20.77 ,23.59322849,1
322.0 ,0.0 ,0.0 ,203.0 ,0.0 ,974.0 ,800.0 ,28 ,25.18 ,24.99980878,1
322.0 ,0.0 ,0.0 ,203.0 ,0.0 ,974.0 ,800.0 ,180 ,29.59 ,25.80505656,1
302.0 ,0.0 ,0.0 ,203.0 ,0.0 ,974.0 ,817.0 ,28 ,21.75 ,21.59758946,1
397.0 ,0.0 ,0.0 ,185.0 ,0.0 ,1040.0 ,734.0 ,28 ,39.09 ,38.81405142,1
480.0 ,0.0 ,0.0 ,192.0 ,0.0 ,936.0 ,721.0 ,3 ,24.39 ,53.25949292,0
522.0 ,0.0 ,0.0 ,146.0 ,0.0 ,896.0 ,896.0 ,7 ,50.51 ,71.79779529,0
522.0 ,0.0 ,0.0 ,146.0 ,0.0 ,896.0 ,896.0 ,28 ,74.99 ,74.4517854,0
273.0 ,105.0 ,82.0 ,210.0 ,9.0 ,904.0 ,680.0 ,28 ,37.17 ,36.90415365,1
162.0 ,190.0 ,148.0 ,179.0 ,19.0 ,838.0 ,741.0 ,28 ,33.76 ,33.51562535,1
154.0 ,144.0 ,112.0 ,220.0 ,10.0 ,923.0 ,658.0 ,28 ,16.50 ,16.38130953,1
147.0 ,115.0 ,89.0 ,202.0 ,9.0 ,860.0 ,829.0 ,28 ,19.99 ,19.84513846,1
152.0 ,178.0 ,139.0 ,168.0 ,18.0 ,944.0 ,695.0 ,28 ,36.35 ,36.08953776,1
310.0 ,143.0 ,111.0 ,168.0 ,22.0 ,914.0 ,651.0 ,28 ,33.69 ,33.44717024,1
144.0 ,0.0 ,175.0 ,158.0 ,18.0 ,943.0 ,844.0 ,28 ,15.42 ,15.30656419,1
304.0 ,140.0 ,0.0 ,214.0 ,6.0 ,895.0 ,722.0 ,28 ,33.42 ,33.18019528,1
374.0 ,0.0 ,0.0 ,190.0 ,7.0 ,1013.0 ,730.0 ,28 ,39.05 ,38.77297835,1
159.0 ,149.0 ,116.0 ,175.0 ,15.0 ,953.0 ,720.0 ,28 ,27.68 ,27.47788402,1
153.0 ,239.0 ,0.0 ,200.0 ,6.0 ,1002.0 ,684.0 ,28 ,26.86 ,26.66326813,1
310.0 ,143.0 ,0.0 ,168.0 ,10.0 ,914.0 ,804.0 ,28 ,45.30 ,44.97501196,0
305.0 ,0.0 ,100.0 ,196.0 ,10.0 ,959.0 ,705.0 ,28 ,30.12 ,29.90804068,1
151.0 ,0.0 ,184.0 ,167.0 ,12.0 ,991.0 ,772.0 ,28 ,15.57 ,15.45716545,1
142.0 ,167.0 ,130.0 ,174.0 ,11.0 ,883.0 ,785.0 ,28 ,44.61 ,44.29046079,0
298.0 ,137.0 ,107.0 ,201.0 ,6.0 ,878.0 ,655.0 ,28 ,53.52 ,53.14170744,0
321.0 ,164.0 ,0.0 ,190.0 ,5.0 ,870.0 ,774.0 ,28 ,57.21 ,56.80405621,0
366.0 ,187.0 ,0.0 ,191.0 ,7.0 ,824.0 ,757.0 ,28 ,65.91 ,65.43624648,0
280.0 ,129.0 ,100.0 ,172.0 ,9.0 ,825.0 ,805.0 ,28 ,52.82 ,52.44346524,0
252.0 ,97.0 ,76.0 ,194.0 ,8.0 ,835.0 ,821.0 ,28 ,33.40 ,33.15965874,1
165.0 ,0.0 ,150.0 ,182.0 ,12.0 ,1023.0 ,729.0 ,28 ,18.03 ,17.90101313,1
156.0 ,243.0 ,0.0 ,180.0 ,11.0 ,1022.0 ,698.0 ,28 ,37.36 ,37.09582798,1
160.0 ,188.0 ,146.0 ,203.0 ,11.0 ,829.0 ,710.0 ,28 ,32.84 ,32.6051723,1
298.0 ,0.0 ,107.0 ,186.0 ,6.0 ,879.0 ,815.0 ,28 ,42.64 ,42.33264444,0
318.0 ,0.0 ,126.0 ,210.0 ,6.0 ,861.0 ,737.0 ,28 ,40.06 ,39.77242306,1
287.0 ,121.0 ,94.0 ,188.0 ,9.0 ,904.0 ,696.0 ,28 ,41.94 ,41.64124776,0
326.0 ,166.0 ,0.0 ,174.0 ,9.0 ,882.0 ,790.0 ,28 ,61.23 ,60.79498953,0
356.0 ,0.0 ,142.0 ,193.0 ,11.0 ,801.0 ,778.0 ,28 ,40.87 ,40.57334793,0
132.0 ,207.0 ,161.0 ,179.0 ,5.0 ,867.0 ,736.0 ,28 ,33.30 ,33.06382158,1
322.0 ,149.0 ,0.0 ,186.0 ,8.0 ,951.0 ,709.0 ,28 ,52.42 ,52.04642556,0
164.0 ,0.0 ,200.0 ,181.0 ,13.0 ,849.0 ,846.0 ,28 ,15.09 ,14.97797963,1
314.0 ,0.0 ,113.0 ,170.0 ,10.0 ,925.0 ,783.0 ,28 ,38.46 ,38.18426434,1
321.0 ,0.0 ,128.0 ,182.0 ,11.0 ,870.0 ,780.0 ,28 ,37.26 ,36.9931453,1
140.0 ,164.0 ,128.0 ,237.0 ,6.0 ,869.0 ,656.0 ,28 ,35.23 ,34.97371935,1
288.0 ,121.0 ,0.0 ,177.0 ,7.0 ,908.0 ,829.0 ,28 ,42.13 ,41.83292209,0
298.0 ,0.0 ,107.0 ,210.0 ,11.0 ,880.0 ,744.0 ,28 ,31.87 ,31.64680066,1
265.0 ,111.0 ,86.0 ,195.0 ,6.0 ,833.0 ,790.0 ,28 ,41.54 ,41.24420808,0
160.0 ,250.0 ,0.0 ,168.0 ,12.0 ,1049.0 ,688.0 ,28 ,39.45 ,39.17001803,1
166.0 ,260.0 ,0.0 ,183.0 ,13.0 ,859.0 ,827.0 ,28 ,37.91 ,37.64346892,1
276.0 ,116.0 ,90.0 ,180.0 ,9.0 ,870.0 ,768.0 ,28 ,44.28 ,43.96187623,0
322.0 ,0.0 ,116.0 ,196.0 ,10.0 ,818.0 ,813.0 ,28 ,31.18 ,30.95540397,1
149.0 ,139.0 ,109.0 ,193.0 ,6.0 ,892.0 ,780.0 ,28 ,23.69 ,23.52117825,1
159.0 ,187.0 ,0.0 ,176.0 ,11.0 ,990.0 ,789.0 ,28 ,32.76 ,32.52987167,1
261.0 ,100.0 ,78.0 ,201.0 ,9.0 ,864.0 ,761.0 ,28 ,32.40 ,32.16705955,1
237.0 ,92.0 ,71.0 ,247.0 ,6.0 ,853.0 ,695.0 ,28 ,28.63 ,28.42256464,1
313.0 ,0.0 ,113.0 ,178.0 ,8.0 ,1002.0 ,689.0 ,28 ,36.80 ,36.54134153,1
155.0 ,183.0 ,0.0 ,193.0 ,9.0 ,1047.0 ,697.0 ,28 ,18.28 ,18.15429707,1
146.0 ,230.0 ,0.0 ,202.0 ,3.0 ,827.0 ,872.0 ,28 ,33.06 ,32.82422867,1
296.0 ,0.0 ,107.0 ,221.0 ,11.0 ,819.0 ,778.0 ,28 ,31.42 ,31.19499688,1
133.0 ,210.0 ,0.0 ,196.0 ,3.0 ,949.0 ,795.0 ,28 ,31.03 ,30.80480271,1
313.0 ,145.0 ,0.0 ,178.0 ,8.0 ,867.0 ,824.0 ,28 ,44.39 ,44.07140442,0
152.0 ,0.0 ,112.0 ,184.0 ,8.0 ,992.0 ,816.0 ,28 ,12.18 ,12.08917369,1
153.0 ,145.0 ,113.0 ,178.0 ,8.0 ,1002.0 ,689.0 ,28 ,25.56 ,25.37631192,1
140.0 ,133.0 ,103.0 ,200.0 ,7.0 ,916.0 ,753.0 ,28 ,36.44 ,36.17852941,1
149.0 ,236.0 ,0.0 ,176.0 ,13.0 ,847.0 ,893.0 ,28 ,32.96 ,32.72154599,1
300.0 ,0.0 ,120.0 ,212.0 ,10.0 ,878.0 ,728.0 ,28 ,23.84 ,23.664934,1
153.0 ,145.0 ,113.0 ,178.0 ,8.0 ,867.0 ,824.0 ,28 ,26.23 ,26.04032656,1
148.0 ,0.0 ,137.0 ,158.0 ,16.0 ,1002.0 ,830.0 ,28 ,17.95 ,17.8257125,1
326.0 ,0.0 ,138.0 ,199.0 ,11.0 ,801.0 ,792.0 ,28 ,40.68 ,40.38851911,0
153.0 ,145.0 ,0.0 ,178.0 ,8.0 ,1000.0 ,822.0 ,28 ,19.01 ,18.8730758,1
262.0 ,111.0 ,86.0 ,195.0 ,5.0 ,895.0 ,733.0 ,28 ,33.72 ,33.47455228,1
158.0 ,0.0 ,195.0 ,220.0 ,11.0 ,898.0 ,713.0 ,28 ,8.54 ,8.474743502,1
151.0 ,0.0 ,185.0 ,167.0 ,16.0 ,1074.0 ,678.0 ,28 ,13.46 ,13.36243887,1
273.0 ,0.0 ,90.0 ,199.0 ,11.0 ,931.0 ,762.0 ,28 ,32.24 ,32.00961278,1
149.0 ,118.0 ,92.0 ,183.0 ,7.0 ,953.0 ,780.0 ,28 ,23.52 ,23.35004046,1
143.0 ,169.0 ,143.0 ,191.0 ,8.0 ,967.0 ,643.0 ,28 ,29.72 ,29.511001,1
260.0 ,101.0 ,78.0 ,171.0 ,10.0 ,936.0 ,763.0 ,28 ,49.77 ,49.41774907,0
313.0 ,161.0 ,0.0 ,178.0 ,10.0 ,917.0 ,759.0 ,28 ,52.44 ,52.0669621,0
284.0 ,120.0 ,0.0 ,168.0 ,7.0 ,970.0 ,794.0 ,28 ,40.93 ,40.64180305,0
336.0 ,0.0 ,0.0 ,182.0 ,3.0 ,986.0 ,817.0 ,28 ,44.86 ,44.54374472,0
145.0 ,0.0 ,134.0 ,181.0 ,11.0 ,979.0 ,812.0 ,28 ,13.20 ,13.10230942,1
150.0 ,237.0 ,0.0 ,174.0 ,12.0 ,1069.0 ,675.0 ,28 ,37.43 ,37.1642831,1
144.0 ,170.0 ,133.0 ,192.0 ,8.0 ,814.0 ,805.0 ,28 ,29.87 ,29.65475675,1
331.0 ,170.0 ,0.0 ,195.0 ,8.0 ,811.0 ,802.0 ,28 ,56.61 ,56.20849669,0
155.0 ,0.0 ,143.0 ,193.0 ,9.0 ,1047.0 ,697.0 ,28 ,12.46 ,12.36983967,1
155.0 ,183.0 ,0.0 ,193.0 ,9.0 ,877.0 ,868.0 ,28 ,23.79 ,23.61701541,1
135.0 ,0.0 ,166.0 ,180.0 ,10.0 ,961.0 ,805.0 ,28 ,13.29 ,13.19814659,1
266.0 ,112.0 ,87.0 ,178.0 ,10.0 ,910.0 ,745.0 ,28 ,39.42 ,39.13579047,1
314.0 ,145.0 ,113.0 ,179.0 ,8.0 ,869.0 ,690.0 ,28 ,46.23 ,45.89915604,0
313.0 ,145.0 ,0.0 ,127.0 ,8.0 ,1000.0 ,822.0 ,28 ,44.52 ,44.20146914,0
146.0 ,173.0 ,0.0 ,182.0 ,3.0 ,986.0 ,817.0 ,28 ,23.74 ,23.56909683,1
144.0 ,136.0 ,106.0 ,178.0 ,7.0 ,941.0 ,774.0 ,28 ,26.14 ,25.95818042,1
148.0 ,0.0 ,182.0 ,181.0 ,15.0 ,839.0 ,884.0 ,28 ,15.52 ,15.40924687,1
277.0 ,117.0 ,91.0 ,191.0 ,7.0 ,946.0 ,666.0 ,28 ,43.57 ,43.26363403,0
298.0 ,0.0 ,107.0 ,164.0 ,13.0 ,953.0 ,784.0 ,28 ,35.86 ,35.60350643,1
313.0 ,145.0 ,0.0 ,178.0 ,8.0 ,1002.0 ,689.0 ,28 ,41.05 ,40.75817675,0
155.0 ,184.0 ,143.0 ,194.0 ,9.0 ,880.0 ,699.0 ,28 ,28.99 ,28.77853125,1
289.0 ,134.0 ,0.0 ,195.0 ,6.0 ,924.0 ,760.0 ,28 ,46.24 ,45.91284707,0
148.0 ,175.0 ,0.0 ,171.0 ,2.0 ,1000.0 ,828.0 ,28 ,26.92 ,26.72487773,1
145.0 ,0.0 ,179.0 ,202.0 ,8.0 ,824.0 ,869.0 ,28 ,10.54 ,10.4599419,1
313.0 ,0.0 ,0.0 ,178.0 ,8.0 ,1000.0 ,822.0 ,28 ,25.10 ,24.91766264,1
136.0 ,162.0 ,126.0 ,172.0 ,10.0 ,923.0 ,764.0 ,28 ,29.07 ,28.86067739,1
155.0 ,0.0 ,143.0 ,193.0 ,9.0 ,877.0 ,868.0 ,28 ,9.74 ,9.665862541,1
255.0 ,99.0 ,77.0 ,189.0 ,6.0 ,919.0 ,749.0 ,28 ,33.80 ,33.55669842,1
162.0 ,207.0 ,172.0 ,216.0 ,10.0 ,822.0 ,638.0 ,28 ,39.84 ,39.5602122,1
136.0 ,196.0 ,98.0 ,199.0 ,6.0 ,847.0 ,783.0 ,28 ,26.97 ,26.77279631,1
164.0 ,163.0 ,128.0 ,197.0 ,8.0 ,961.0 ,641.0 ,28 ,27.23 ,27.03977127,1
162.0 ,214.0 ,164.0 ,202.0 ,10.0 ,820.0 ,680.0 ,28 ,30.65 ,30.42829957,1
157.0 ,214.0 ,152.0 ,200.0 ,9.0 ,819.0 ,704.0 ,28 ,33.05 ,32.81738316,1
149.0 ,153.0 ,194.0 ,192.0 ,8.0 ,935.0 ,623.0 ,28 ,24.58 ,24.40424926,1
135.0 ,105.0 ,193.0 ,196.0 ,6.0 ,965.0 ,643.0 ,28 ,21.91 ,21.75503623,1
159.0 ,209.0 ,161.0 ,201.0 ,7.0 ,848.0 ,669.0 ,28 ,30.88 ,30.66104697,1
144.0 ,15.0 ,195.0 ,176.0 ,6.0 ,1021.0 ,709.0 ,28 ,15.34 ,15.23126356,1
154.0 ,174.0 ,185.0 ,228.0 ,7.0 ,845.0 ,612.0 ,28 ,24.34 ,24.16465635,1
167.0 ,187.0 ,195.0 ,185.0 ,7.0 ,898.0 ,636.0 ,28 ,23.89 ,23.71969809,1
184.0 ,86.0 ,190.0 ,213.0 ,6.0 ,923.0 ,623.0 ,28 ,22.93 ,22.76817196,1
156.0 ,178.0 ,187.0 ,221.0 ,7.0 ,854.0 ,614.0 ,28 ,29.41 ,29.20295297,1
236.9 ,91.7 ,71.5 ,246.9 ,6.0 ,852.9 ,695.4 ,28 ,28.63 ,28.42530284,1
313.3 ,0.0 ,113.0 ,178.5 ,8.0 ,1001.9 ,688.7 ,28 ,36.80 ,36.54202608,1
154.8 ,183.4 ,0.0 ,193.3 ,9.1 ,1047.4 ,696.7 ,28 ,18.29 ,18.15703527,1
145.9 ,230.5 ,0.0 ,202.5 ,3.4 ,827.0 ,871.8 ,28 ,32.72 ,32.48674494,1
296.0 ,0.0 ,106.7 ,221.4 ,10.5 ,819.2 ,778.4 ,28 ,31.42 ,31.19568143,1
133.1 ,210.2 ,0.0 ,195.7 ,3.1 ,949.4 ,795.3 ,28 ,28.94 ,28.73129722,1
313.3 ,145.0 ,0.0 ,178.5 ,8.0 ,867.2 ,824.0 ,28 ,40.93 ,40.63290388,0
151.6 ,0.0 ,111.9 ,184.4 ,7.9 ,992.0 ,815.9 ,28 ,12.18 ,12.09396555,1
153.1 ,145.0 ,113.0 ,178.5 ,8.0 ,1001.9 ,688.7 ,28 ,25.56 ,25.37699648,1
139.9 ,132.6 ,103.3 ,200.3 ,7.4 ,916.0 ,753.4 ,28 ,36.44 ,36.18332127,1
149.5 ,236.0 ,0.0 ,175.8 ,12.6 ,846.8 ,892.7 ,28 ,32.96 ,32.72839151,1
299.8 ,0.0 ,119.8 ,211.5 ,9.9 ,878.2 ,727.6 ,28 ,23.84 ,23.66561855,1
153.1 ,145.0 ,113.0 ,178.5 ,8.0 ,867.2 ,824.0 ,28 ,26.23 ,26.04580297,1
148.1 ,0.0 ,136.6 ,158.1 ,16.1 ,1001.8 ,830.1 ,28 ,17.96 ,17.83118891,1
326.5 ,0.0 ,137.9 ,199.0 ,10.8 ,801.1 ,792.5 ,28 ,38.63 ,38.35471758,1
152.7 ,144.7 ,0.0 ,178.1 ,8.0 ,999.7 ,822.2 ,28 ,19.01 ,18.87376035,1
261.9 ,110.5 ,86.1 ,195.4 ,5.0 ,895.2 ,732.6 ,28 ,33.72 ,33.47797504,1
158.4 ,0.0 ,194.9 ,219.7 ,11.0 ,897.7 ,712.9 ,28 ,8.54 ,8.475428053,1
150.7 ,0.0 ,185.3 ,166.7 ,15.6 ,1074.5 ,678.0 ,28 ,13.46 ,13.36517707,1
272.6 ,0.0 ,89.6 ,198.7 ,10.6 ,931.3 ,762.2 ,28 ,32.25 ,32.01508919,1
149.0 ,117.6 ,91.7 ,182.9 ,7.1 ,953.4 ,780.3 ,28 ,23.52 ,23.35620142,1
143.0 ,169.4 ,142.7 ,190.7 ,8.4 ,967.4 ,643.5 ,28 ,29.73 ,29.5137392,1
259.9 ,100.6 ,78.4 ,170.6 ,10.4 ,935.7 ,762.9 ,28 ,49.77 ,49.41774907,0
312.9 ,160.5 ,0.0 ,177.6 ,9.6 ,916.6 ,759.5 ,28 ,52.45 ,52.07175396,0
284.0 ,119.7 ,0.0 ,168.3 ,7.2 ,970.4 ,794.2 ,28 ,40.93 ,40.6424876,0
336.5 ,0.0 ,0.0 ,181.9 ,3.4 ,985.8 ,816.8 ,28 ,44.87 ,44.54785203,0
144.8 ,0.0 ,133.6 ,180.8 ,11.1 ,979.5 ,811.5 ,28 ,13.20 ,13.10778583,1
150.0 ,236.8 ,0.0 ,173.8 ,11.9 ,1069.3 ,674.8 ,28 ,37.43 ,37.1642831,1
143.7 ,170.2 ,132.6 ,191.6 ,8.5 ,814.1 ,805.3 ,28 ,29.87 ,29.65749495,1
330.5 ,169.6 ,0.0 ,194.9 ,8.1 ,811.0 ,802.3 ,28 ,56.62 ,56.21465765,0
154.8 ,0.0 ,142.8 ,193.3 ,9.1 ,1047.4 ,696.7 ,28 ,12.46 ,12.37052422,1
154.8 ,183.4 ,0.0 ,193.3 ,9.1 ,877.2 ,867.7 ,28 ,23.79 ,23.61701541,1
134.7 ,0.0 ,165.7 ,180.2 ,10.0 ,961.0 ,804.9 ,28 ,13.29 ,13.19883114,1
266.2 ,112.3 ,87.5 ,177.9 ,10.4 ,909.7 ,744.5 ,28 ,39.42 ,39.13989778,1
314.0 ,145.3 ,113.2 ,178.9 ,8.0 ,869.1 ,690.2 ,28 ,46.23 ,45.9039479,0
312.7 ,144.7 ,0.0 ,127.3 ,8.0 ,999.7 ,822.2 ,28 ,44.52 ,44.20557645,0
145.7 ,172.6 ,0.0 ,181.9 ,3.4 ,985.8 ,816.8 ,28 ,23.74 ,23.57457324,1
143.8 ,136.3 ,106.2 ,178.1 ,7.5 ,941.5 ,774.3 ,28 ,26.15 ,25.96091863,1
148.1 ,0.0 ,182.1 ,181.4 ,15.0 ,838.9 ,884.3 ,28 ,15.53 ,15.41540783,1
277.0 ,116.8 ,91.0 ,190.6 ,7.0 ,946.5 ,665.6 ,28 ,43.58 ,43.26705679,0
298.1 ,0.0 ,107.5 ,163.6 ,12.8 ,953.2 ,784.0 ,28 ,35.87 ,35.60966739,1
313.3 ,145.0 ,0.0 ,178.5 ,8.0 ,1001.9 ,688.7 ,28 ,41.05 ,40.7602304,0
155.2 ,183.9 ,143.2 ,193.8 ,9.2 ,879.6 ,698.5 ,28 ,28.99 ,28.78400766,1
289.0 ,133.7 ,0.0 ,194.9 ,5.5 ,924.1 ,760.1 ,28 ,46.25 ,45.91695437,0
147.8 ,175.1 ,0.0 ,171.2 ,2.2 ,1000.0 ,828.5 ,28 ,26.92 ,26.73035414,1
145.4 ,0.0 ,178.9 ,201.7 ,7.8 ,824.0 ,868.7 ,28 ,10.54 ,10.46062645,1
312.7 ,0.0 ,0.0 ,178.1 ,8.0 ,999.7 ,822.2 ,28 ,25.10 ,24.92450815,1
136.4 ,161.6 ,125.8 ,171.6 ,10.4 ,922.6 ,764.4 ,28 ,29.07 ,28.86546925,1
154.8 ,0.0 ,142.8 ,193.3 ,9.1 ,877.2 ,867.7 ,28 ,9.74 ,9.668600745,1
255.3 ,98.8 ,77.0 ,188.6 ,6.5 ,919.0 ,749.3 ,28 ,33.80 ,33.55738297,1
272.8 ,105.1 ,81.8 ,209.7 ,9.0 ,904.0 ,679.7 ,28 ,37.17 ,36.90552275,1
162.0 ,190.1 ,148.1 ,178.8 ,18.8 ,838.1 ,741.4 ,28 ,33.76 ,33.52110176,1
153.6 ,144.2 ,112.3 ,220.1 ,10.1 ,923.2 ,657.9 ,28 ,16.50 ,16.38610139,1
146.5 ,114.6 ,89.3 ,201.9 ,8.8 ,860.0 ,829.5 ,28 ,19.99 ,19.84513846,1
151.8 ,178.1 ,138.7 ,167.5 ,18.3 ,944.0 ,694.6 ,28 ,36.35 ,36.09022231,1
309.9 ,142.8 ,111.2 ,167.8 ,22.1 ,913.9 ,651.2 ,28 ,38.22 ,37.94261778,1
143.6 ,0.0 ,174.9 ,158.4 ,17.9 ,942.7 ,844.5 ,28 ,15.42 ,15.3134097,1
303.6 ,139.9 ,0.0 ,213.5 ,6.2 ,895.5 ,722.5 ,28 ,33.42 ,33.18087983,1
374.3 ,0.0 ,0.0 ,190.2 ,6.7 ,1013.2 ,730.4 ,28 ,39.06 ,38.77708566,1
158.6 ,148.9 ,116.0 ,175.1 ,15.0 ,953.3 ,719.7 ,28 ,27.68 ,27.48336043,1
152.6 ,238.7 ,0.0 ,200.0 ,6.3 ,1001.8 ,683.9 ,28 ,26.86 ,26.66805999,1
310.0 ,142.8 ,0.0 ,167.9 ,10.0 ,914.3 ,804.0 ,28 ,45.30 ,44.98117292,0
304.8 ,0.0 ,99.6 ,196.0 ,9.8 ,959.4 ,705.2 ,28 ,30.12 ,29.90804068,1
150.9 ,0.0 ,183.9 ,166.6 ,11.6 ,991.2 ,772.2 ,28 ,15.57 ,15.45853455,1
141.9 ,166.6 ,129.7 ,173.5 ,10.9 ,882.6 ,785.3 ,28 ,44.61 ,44.293199,0
297.8 ,137.2 ,106.9 ,201.3 ,6.0 ,878.4 ,655.3 ,28 ,53.52 ,53.14239199,0
321.3 ,164.2 ,0.0 ,190.5 ,4.6 ,870.0 ,774.0 ,28 ,57.22 ,56.80953261,0
366.0 ,187.0 ,0.0 ,191.3 ,6.6 ,824.3 ,756.9 ,28 ,65.91 ,65.43830013,0
279.8 ,128.9 ,100.4 ,172.4 ,9.5 ,825.1 ,804.9 ,28 ,52.83 ,52.4496262,0
252.1 ,97.1 ,75.6 ,193.8 ,8.3 ,835.5 ,821.4 ,28 ,33.40 ,33.16102785,1
164.6 ,0.0 ,150.4 ,181.6 ,11.7 ,1023.3 ,728.9 ,28 ,18.03 ,17.90512044,1
155.6 ,243.5 ,0.0 ,180.3 ,10.7 ,1022.0 ,697.7 ,28 ,37.36 ,37.09651253,1
160.2 ,188.0 ,146.4 ,203.2 ,11.3 ,828.7 ,709.7 ,28 ,35.31 ,35.06202645,1
298.1 ,0.0 ,107.0 ,186.4 ,6.1 ,879.0 ,815.2 ,28 ,42.64 ,42.33948995,0
317.9 ,0.0 ,126.5 ,209.7 ,5.7 ,860.5 ,736.6 ,28 ,40.06 ,39.77584582,1
287.3 ,120.5 ,93.9 ,187.6 ,9.2 ,904.4 ,695.9 ,28 ,43.80 ,43.48542861,0
325.6 ,166.4 ,0.0 ,174.0 ,8.9 ,881.6 ,790.0 ,28 ,61.24 ,60.79841229,0
355.9 ,0.0 ,141.6 ,193.3 ,11.0 ,801.4 ,778.4 ,28 ,40.87 ,40.57677069,0
132.0 ,206.5 ,160.9 ,178.9 ,5.5 ,866.9 ,735.6 ,28 ,33.31 ,33.06861344,1
322.5 ,148.6 ,0.0 ,185.8 ,8.5 ,951.0 ,709.5 ,28 ,52.43 ,52.05190197,0
164.2 ,0.0 ,200.1 ,181.2 ,12.6 ,849.3 ,846.0 ,28 ,15.09 ,14.98345604,1
313.8 ,0.0 ,112.6 ,169.9 ,10.1 ,925.3 ,782.9 ,28 ,38.46 ,38.186318,1
321.4 ,0.0 ,127.9 ,182.5 ,11.5 ,870.1 ,779.7 ,28 ,37.27 ,36.99930626,1
139.7 ,163.9 ,127.7 ,236.7 ,5.8 ,868.6 ,655.6 ,28 ,35.23 ,34.97371935,1
288.4 ,121.0 ,0.0 ,177.4 ,7.0 ,907.9 ,829.5 ,28 ,42.14 ,41.83908305,0
298.2 ,0.0 ,107.0 ,209.7 ,11.1 ,879.6 ,744.2 ,28 ,31.88 ,31.64748521,1
264.5 ,111.0 ,86.5 ,195.5 ,5.9 ,832.6 ,790.4 ,28 ,41.54 ,41.24557718,0
159.8 ,250.0 ,0.0 ,168.4 ,12.2 ,1049.3 ,688.2 ,28 ,39.46 ,39.17412534,1
166.0 ,259.7 ,0.0 ,183.2 ,12.7 ,858.8 ,826.8 ,28 ,37.92 ,37.64620712,1
276.4 ,116.0 ,90.3 ,179.6 ,8.9 ,870.1 ,768.3 ,28 ,44.28 ,43.96803719,0
322.2 ,0.0 ,115.6 ,196.0 ,10.4 ,817.9 ,813.4 ,28 ,31.18 ,30.95608852,1
148.5 ,139.4 ,108.6 ,192.7 ,6.1 ,892.4 ,780.0 ,28 ,23.70 ,23.52733921,1
159.1 ,186.7 ,0.0 ,175.6 ,11.3 ,989.6 ,788.9 ,28 ,32.77 ,32.53397897,1
260.9 ,100.5 ,78.3 ,200.6 ,8.6 ,864.5 ,761.5 ,28 ,32.40 ,32.16979775,1
,,,,,,,,,,620